features,image_urls,images,name,new_price,old_price,rating,url
"Typ: Dla graczy, Mechaniczna, Łączność: Przewodowa, Podświetlenie: Wielokolorowe, Punktowe - każdy klawisz w innym kolorze, Przełączniki: Przełączniki mechaniczne - Kailh Blue","https://cdn.x-kom.pl/i/setup/images/prod/big/product-medium,spc-gear-gk550-omnis-kailh-blue-rgb-468789,2018/12/pr_2018_12_17_13_32_36_943_00.jpg","[{'url': 'https://cdn.x-kom.pl/i/setup/images/prod/big/product-medium,spc-gear-gk550-omnis-kailh-blue-rgb-468789,2018/12/pr_2018_12_17_13_32_36_943_00.jpg', 'path': 'full/ca88fa7ef702d25c82956813678cd460c6b70eda.jpg', 'checksum': '1254c7d5ee352e76b70615c84bc2d0d6'}]",Klawiatura  przewodowa SPC Gear GK550 Omnis Kailh Blue RGB ,,"279,00 zł","Ocena 6,00",https:/www.x-kom.pl/p/468789-klawiatura-przewodowa-spc-gear-gk550-omnis-kailh-blue-rgb.html
"Typ: Dla graczy, Mechaniczna, Łączność: Przewodowa, Podświetlenie: Czerwone, Przełączniki: Przełączniki mechaniczne - ROMER-G","https://cdn.x-kom.pl/i/setup/images/prod/big/product-medium,logitech-g413-mechanical-gaming-keyboard-carbon-362148,2017/11/pr_2017_11_15_8_26_30_705_00.jpg","[{'url': 'https://cdn.x-kom.pl/i/setup/images/prod/big/product-medium,logitech-g413-mechanical-gaming-keyboard-carbon-362148,2017/11/pr_2017_11_15_8_26_30_705_00.jpg', 'path': 'full/bb38571c0c6e9548c3d8d5af0a5c32a766324f18.jpg', 'checksum': '05c57463c3aba87692f381ed2aaf60d5'}]",Klawiatura  przewodowa Logitech G413 Mechanical Gaming Keyboard (Carbon),,,"Ocena 5,38",https:/www.x-kom.pl/p/362148-klawiatura-przewodowa-logitech-g413-mechanical-gaming-keyboard-carbon.html
"Typ: Mechaniczna, Łączność: Przewodowa, Podświetlenie: Wielokolorowe, Punktowe - każdy klawisz w innym kolorze, Przełączniki: Przełączniki mechaniczne - Kailh Red","https://cdn.x-kom.pl/i/setup/images/prod/big/product-medium,lioncast-lk300-rgb-us-layout-421424,2018/4/pr_2018_4_18_15_7_35_353_00.jpg","[{'url': 'https://cdn.x-kom.pl/i/setup/images/prod/big/product-medium,lioncast-lk300-rgb-us-layout-421424,2018/4/pr_2018_4_18_15_7_35_353_00.jpg', 'path': 'full/3f2bac8ae37a2c3255eb2726f88a29c4f5f2edc5.jpg', 'checksum': 'b46c56ff38666b64474ea2dc237a3769'}]","Klawiatura  przewodowa Lioncast LK300 (RGB, US Layout)",,"349,00 zł","Ocena 5,90",https:/www.x-kom.pl/p/421424-klawiatura-przewodowa-lioncast-lk300-rgb-us-layout.html
"Typ: Dla graczy, Mechaniczna, Łączność: Przewodowa, Podświetlenie: Czerwone, Przełączniki: Przełączniki mechaniczne - Kailh Blue","https://cdn.x-kom.pl/i/setup/images/prod/big/product-medium,modecom-volcano-gamer-kailh-blue-359690,2017/7/pr_2017_7_18_14_2_13_329.jpg","[{'url': 'https://cdn.x-kom.pl/i/setup/images/prod/big/product-medium,modecom-volcano-gamer-kailh-blue-359690,2017/7/pr_2017_7_18_14_2_13_329.jpg', 'path': 'full/d1900cd22c14dbec8696511867615be7d467fadd.jpg', 'checksum': 'a1edbffd0a49d9fbfebd3031c0c9739b'}]",Klawiatura  przewodowa MODECOM Volcano Gamer (Kailh Blue),,,"Ocena 5,48",https:/www.x-kom.pl/p/359690-klawiatura-przewodowa-modecom-volcano-gamer-kailh-blue.html
"Typ: Dla graczy, Mechaniczna, Łączność: Przewodowa, Podświetlenie: Wielokolorowe, Punktowe - każdy klawisz w innym kolorze, Przełączniki: Przełączniki mechaniczne - Kailh Red","https://cdn.x-kom.pl/i/setup/images/prod/big/product-medium,spc-gear-gk550-omnis-kailh-red-rgb-468790,2018/12/pr_2018_12_17_13_35_8_377_00.jpg","[{'url': 'https://cdn.x-kom.pl/i/setup/images/prod/big/product-medium,spc-gear-gk550-omnis-kailh-red-rgb-468790,2018/12/pr_2018_12_17_13_35_8_377_00.jpg', 'path': 'full/5fa347a4f7c71df6f7a3b85bb935f57a05999486.jpg', 'checksum': '1254c7d5ee352e76b70615c84bc2d0d6'}]",Klawiatura  przewodowa SPC Gear GK550 Omnis Kailh Red RGB ,,"279,00 zł",Ten produkt czeka na Twoją opinię,https:/www.x-kom.pl/p/468790-klawiatura-przewodowa-spc-gear-gk550-omnis-kailh-red-rgb.html
"Typ: Mechaniczna, Łączność: Przewodowa, Podświetlenie: Wielokolorowe, Przełączniki: Przełączniki mechaniczne - ROMER-G Tacticle","https://cdn.x-kom.pl/i/setup/images/prod/big/product-medium,logitech-g513-carbon-tactile-427829,2018/10/pr_2018_10_15_8_51_6_251_00.jpg","[{'url': 'https://cdn.x-kom.pl/i/setup/images/prod/big/product-medium,logitech-g513-carbon-tactile-427829,2018/10/pr_2018_10_15_8_51_6_251_00.jpg', 'path': 'full/8770f3e2a9ed23493e13050ba3a800a4e2f432fe.jpg', 'checksum': '91849ce0a74e0a78d75dcf0b229c11d8'}]",Klawiatura  przewodowa Logitech G513 Carbon Tactile,,"649,00 zł","Ocena 6,00",https:/www.x-kom.pl/p/427829-klawiatura-przewodowa-logitech-g513-carbon-tactile.html
"Typ: Dla graczy, Mechaniczna, Łączność: Przewodowa, Podświetlenie: Wielokolorowe, Przełączniki: Przełączniki mechaniczne - Cherry MX Red","https://cdn.x-kom.pl/i/setup/images/prod/big/product-medium,msi-vigor-gk80-cherry-mx-red-rgb-420112,2018/4/pr_2018_4_4_17_22_15_976_00.jpg","[{'url': 'https://cdn.x-kom.pl/i/setup/images/prod/big/product-medium,msi-vigor-gk80-cherry-mx-red-rgb-420112,2018/4/pr_2018_4_4_17_22_15_976_00.jpg', 'path': 'full/0fd55a4c72b7cdbe337e55ccf384db27bcfc3cbe.jpg', 'checksum': 'f5c65ee36c6f0ab8de1d74f3ec1f9e52'}]",Klawiatura  przewodowa MSI Vigor GK80 (Cherry MX RED - RGB),,"729,00 zł",Ten produkt czeka na Twoją opinię,https:/www.x-kom.pl/p/420112-klawiatura-przewodowa-msi-vigor-gk80-cherry-mx-red-rgb.html
"Typ: Dla graczy, Mechaniczna, Łączność: Przewodowa, Podświetlenie: Wielokolorowe, Punktowe - każdy klawisz w innym kolorze, Przełączniki: Przełączniki mechaniczne - Cherry MX Red","https://cdn.x-kom.pl/i/setup/images/prod/big/product-medium,corsair-k68-cherry-mx-red-rgb-407722,2018/2/pr_2018_2_21_8_24_41_98_00.jpg","[{'url': 'https://cdn.x-kom.pl/i/setup/images/prod/big/product-medium,corsair-k68-cherry-mx-red-rgb-407722,2018/2/pr_2018_2_21_8_24_41_98_00.jpg', 'path': 'full/c981d242ccf6c86c61941b20844789c55673fa02.jpg', 'checksum': '2f867a732ccb9076d5944d1877a8fadf'}]","Klawiatura  przewodowa Corsair K68 (Cherry MX Red, RGB)",,,"Ocena 5,75",https:/www.x-kom.pl/p/407722-klawiatura-przewodowa-corsair-k68-cherry-mx-red-rgb.html
"Typ: Dla graczy, Mechaniczna, Łączność: Przewodowa, Podświetlenie: Wielokolorowe, Punktowe - każdy klawisz w innym kolorze, Przełączniki: Przełączniki mechaniczne - SteelSeries QX2","https://cdn.x-kom.pl/i/setup/images/prod/big/product-medium,steelseries-apex-m750-377112,2017/9/pr_2017_9_6_11_52_37_263_00.jpg","[{'url': 'https://cdn.x-kom.pl/i/setup/images/prod/big/product-medium,steelseries-apex-m750-377112,2017/9/pr_2017_9_6_11_52_37_263_00.jpg', 'path': 'full/38537925e24a5989c2774387e91deb8debe1512b.jpg', 'checksum': '20ede8e8352f3824c97444198b89b5c5'}]",Klawiatura  przewodowa SteelSeries Apex M750,,,"Ocena 6,00",https:/www.x-kom.pl/p/377112-klawiatura-przewodowa-steelseries-apex-m750.html
"Typ: Mechaniczna, Łączność: Przewodowa, Podświetlenie: Wielokolorowe, Przełączniki: Przełączniki mechaniczne - Cherry MX Brown","https://cdn.x-kom.pl/i/setup/images/prod/big/product-medium,corsair-k70-rgb-mk2-cherry-mx-brown-rgb-433747,2018/6/pr_2018_6_15_13_30_27_508_00.jpg","[{'url': 'https://cdn.x-kom.pl/i/setup/images/prod/big/product-medium,corsair-k70-rgb-mk2-cherry-mx-brown-rgb-433747,2018/6/pr_2018_6_15_13_30_27_508_00.jpg', 'path': 'full/21f0e71cdf1e7caecd9c86b28cbe611d9ee648ba.jpg', 'checksum': '952943c02fcce2c677bf84f606ce8e53'}]","Klawiatura  przewodowa Corsair K70 RGB MK.2 (Cherry MX Brown, RGB)",,"749,00 zł",Ten produkt czeka na Twoją opinię,https:/www.x-kom.pl/p/433747-klawiatura-przewodowa-corsair-k70-rgb-mk2-cherry-mx-brown-rgb.html
"Typ: Dla graczy, Mechaniczna, Łączność: Przewodowa, Podświetlenie: Wielokolorowe, Regulowana jasność, Przełączniki: Przełączniki optyczne","https://cdn.x-kom.pl/i/setup/images/prod/big/product-medium,a4tech-bloody-b820r-rgb-mechaniczna-405001,2018/1/pr_2018_1_25_8_47_40_853_00.jpg","[{'url': 'https://cdn.x-kom.pl/i/setup/images/prod/big/product-medium,a4tech-bloody-b820r-rgb-mechaniczna-405001,2018/1/pr_2018_1_25_8_47_40_853_00.jpg', 'path': 'full/a0a6f01baf7b74bdd49e77d7503d1d2b7d8692ea.jpg', 'checksum': '8ea3bf04b4930116506bd19e7c82f22b'}]",Klawiatura  przewodowa A4Tech Bloody B820R RGB (Mechaniczna),,"249,00 zł","Ocena 6,00",https:/www.x-kom.pl/p/405001-klawiatura-przewodowa-a4tech-bloody-b820r-rgb-mechaniczna.html
"Typ: Dla graczy, Membranowa, Łączność: Przewodowa, Podświetlenie: Wielokolorowe, Strefowe - każda strefa w innym kolorze, Przełączniki: Przełączniki membranowe - Quick Tension","https://cdn.x-kom.pl/i/setup/images/prod/big/product-medium,steelseries-apex-150-385694,2017/10/pr_2017_10_11_9_24_31_761_00.jpg","[{'url': 'https://cdn.x-kom.pl/i/setup/images/prod/big/product-medium,steelseries-apex-150-385694,2017/10/pr_2017_10_11_9_24_31_761_00.jpg', 'path': 'full/dea359d9347b5432b88981566e62ce2de973cb49.jpg', 'checksum': '7d1ae884eb8aa51655a4620c03829ed8'}]",Klawiatura  przewodowa SteelSeries Apex 150,,"289,00 zł","Ocena 5,50",https:/www.x-kom.pl/p/385694-klawiatura-przewodowa-steelseries-apex-150.html
"Typ: Dla graczy, Multimedialna, Łączność: Przewodowa, Podświetlenie: Czerwone, Regulowana jasność, Interfejs: USB","https://cdn.x-kom.pl/i/setup/images/prod/big/product-medium,a4tech-bloody-b120-242588,2017/7/pr_2017_7_18_8_27_37_707.jpg","[{'url': 'https://cdn.x-kom.pl/i/setup/images/prod/big/product-medium,a4tech-bloody-b120-242588,2017/7/pr_2017_7_18_8_27_37_707.jpg', 'path': 'full/79b6cbd20da8680437765f3353d9122f65b47a48.jpg', 'checksum': '51d32faa6c22b335288488761a1ff0ce'}]",Klawiatura  przewodowa A4Tech Bloody B120,,"99,00 zł","Ocena 5,23",https:/www.x-kom.pl/p/242588-klawiatura-przewodowa-a4tech-bloody-b120.html
"Typ: Dla graczy, Łączność: Przewodowa, Podświetlenie: Białe, Liczba klawiszy: 104","https://cdn.x-kom.pl/i/setup/images/prod/big/product-medium,modecom-mc-800w-334696,2017/7/pr_2017_7_18_13_59_57_22.jpg","[{'url': 'https://cdn.x-kom.pl/i/setup/images/prod/big/product-medium,modecom-mc-800w-334696,2017/7/pr_2017_7_18_13_59_57_22.jpg', 'path': 'full/ed1fb9782c17fc198be2b3592bf9b3dd8c24bfea.jpg', 'checksum': 'b0796637c04202bf7b67523d1fceac0f'}]",Klawiatura  przewodowa MODECOM MC-800W,,"85,00 zł","Ocena 4,75",https:/www.x-kom.pl/p/334696-klawiatura-przewodowa-modecom-mc-800w.html
"Typ: Mechaniczna, Niskoprofilowa, Łączność: Przewodowa, Podświetlenie: Wielokolorowe, Punktowe - każdy klawisz w innym kolorze, Przełączniki: Przełączniki mechaniczne - Cherry MX Speed","https://cdn.x-kom.pl/i/setup/images/prod/big/product-medium,corsair-k70-rapidfire-mk2-cherry-mx-low-profile-speed-459138,2018/10/pr_2018_10_26_13_30_31_517_15.jpg","[{'url': 'https://cdn.x-kom.pl/i/setup/images/prod/big/product-medium,corsair-k70-rapidfire-mk2-cherry-mx-low-profile-speed-459138,2018/10/pr_2018_10_26_13_30_31_517_15.jpg', 'path': 'full/c330b414372e94c3f5b75d5367d4681318bfe983.jpg', 'checksum': 'a28afeb96fe33cc7b197d39b9d937c97'}]",Klawiatura  przewodowa Corsair K70 Rapidfire MK.2 (Cherry MX Low Profile Speed),,"799,00 zł","Ocena 6,00",https:/www.x-kom.pl/p/459138-klawiatura-przewodowa-corsair-k70-rapidfire-mk2-cherry-mx-low-profile-speed.html
"Typ: Dla graczy, Mechaniczna, Łączność: Przewodowa, Podświetlenie: Wielokolorowe, Regulowana jasność, Przełączniki: Przełączniki mechaniczne - Outemu Blue","https://cdn.x-kom.pl/i/setup/images/prod/big/product-medium,redragon-kb-rudra-rainbow-462016,2018/12/pr_2018_12_6_9_14_35_313_00.jpg","[{'url': 'https://cdn.x-kom.pl/i/setup/images/prod/big/product-medium,redragon-kb-rudra-rainbow-462016,2018/12/pr_2018_12_6_9_14_35_313_00.jpg', 'path': 'full/1db67800576f65c9cca661f561e389080cb4e99d.jpg', 'checksum': 'a3e60e595d8bb5d3b8e9c995d13ef2c5'}]",Klawiatura  przewodowa Redragon KB RUDRA Rainbow,,"139,00 zł",Ten produkt czeka na Twoją opinię,https:/www.x-kom.pl/p/462016-klawiatura-przewodowa-redragon-kb-rudra-rainbow.html
"Typ: Dla graczy, Mechaniczna, Łączność: Przewodowa, Podświetlenie: Wielokolorowe, Przełączniki: Przełączniki mechaniczne - Cherry MX Brown","https://cdn.x-kom.pl/i/setup/images/prod/big/product-medium,corsair-k95-platinum-cherry-mx-brown-rgb-343329,2017/7/pr_2017_7_18_11_38_39_442.jpg","[{'url': 'https://cdn.x-kom.pl/i/setup/images/prod/big/product-medium,corsair-k95-platinum-cherry-mx-brown-rgb-343329,2017/7/pr_2017_7_18_11_38_39_442.jpg', 'path': 'full/f6a90e9db80162b408e4e24b8ae9e564104caf53.jpg', 'checksum': 'faa37ee07497c685807ab20fd23d422b'}]","Klawiatura  przewodowa Corsair K95 Platinum (Cherry MX Brown, RGB) ",,"799,00 zł","Ocena 5,44",https:/www.x-kom.pl/p/343329-klawiatura-przewodowa-corsair-k95-platinum-cherry-mx-brown-rgb.html
"Typ: Dla graczy, Mechaniczna, Łączność: Przewodowa, Podświetlenie: Wielokolorowe, Interfejs: USB","https://cdn.x-kom.pl/i/setup/images/prod/big/product-medium,a4tech-bloody-b188-298808,2017/7/pr_2017_7_18_8_34_15_165.jpg","[{'url': 'https://cdn.x-kom.pl/i/setup/images/prod/big/product-medium,a4tech-bloody-b188-298808,2017/7/pr_2017_7_18_8_34_15_165.jpg', 'path': 'full/d6e78c09421d01e8a3736b63dc6acab2b6a84a81.jpg', 'checksum': '4dc2bf91b301bc0f9afc5f89831f28dd'}]",Klawiatura  przewodowa A4Tech Bloody B188,,"115,00 zł","Ocena 5,31",https:/www.x-kom.pl/p/298808-klawiatura-przewodowa-a4tech-bloody-b188.html
"Typ: Mechaniczna, Łączność: Przewodowa, Podświetlenie: Wielokolorowe, Punktowe - każdy klawisz w innym kolorze, Przełączniki: Przełączniki mechaniczne - Kailh Blue","https://cdn.x-kom.pl/i/setup/images/prod/big/product-medium,spc-gear-gk540-magna-kailh-blue-rgb-468791,2018/12/pr_2018_12_17_13_49_19_128_00.jpg","[{'url': 'https://cdn.x-kom.pl/i/setup/images/prod/big/product-medium,spc-gear-gk540-magna-kailh-blue-rgb-468791,2018/12/pr_2018_12_17_13_49_19_128_00.jpg', 'path': 'full/6285be429b70a239397b47ebd855ba24a025e187.jpg', 'checksum': '5a2a47b0d34781b7a19c80dab6d7a1b5'}]",Klawiatura  przewodowa SPC Gear GK540 Magna Kailh Blue RGB,,"239,00 zł","Ocena 6,00",https:/www.x-kom.pl/p/468791-klawiatura-przewodowa-spc-gear-gk540-magna-kailh-blue-rgb.html
"Typ: Dla graczy, Mechaniczna, Łączność: Przewodowa, Podświetlenie: Wielokolorowe, Punktowe - każdy klawisz w innym kolorze, Strefowe - każda strefa w innym kolorze, Regulowana jasność, Przełączniki: Przełączniki mechaniczne - Razer Green","https://cdn.x-kom.pl/i/setup/images/prod/big/product-medium,razer-blackwidow-elite-green-switch-453683,2018/10/pr_2018_10_3_13_33_2_814_00.jpg","[{'url': 'https://cdn.x-kom.pl/i/setup/images/prod/big/product-medium,razer-blackwidow-elite-green-switch-453683,2018/10/pr_2018_10_3_13_33_2_814_00.jpg', 'path': 'full/f5469a6b620ed8a52288601e17ac00893a9b334e.jpg', 'checksum': '8385ad43eb87c01cfe8d11ecb9bad35e'}]",Klawiatura  przewodowa Razer BlackWidow Elite Green Switch,,"719,00 zł","Ocena 6,00",https:/www.x-kom.pl/p/453683-klawiatura-przewodowa-razer-blackwidow-elite-green-switch.html
"Typ: Dla graczy, Membranowa, Łączność: Przewodowa, Podświetlenie: Siedem kolorów, Liczba klawiszy: 104","https://cdn.x-kom.pl/i/setup/images/prod/big/product-medium,redragon-centaur-461992,2018/12/pr_2018_12_4_12_23_54_72_00.jpg","[{'url': 'https://cdn.x-kom.pl/i/setup/images/prod/big/product-medium,redragon-centaur-461992,2018/12/pr_2018_12_4_12_23_54_72_00.jpg', 'path': 'full/f71da4615548177764194190e387c06ff848db47.jpg', 'checksum': '24884b28be6eb20dd5f4d23b970ea971'}]",Klawiatura  przewodowa Redragon CENTAUR,,"89,00 zł","Ocena 6,00",https:/www.x-kom.pl/p/461992-klawiatura-przewodowa-redragon-centaur.html
"Typ: Dla graczy, Mechaniczna, Łączność: Przewodowa, Przełączniki: Przełączniki mechaniczne - Outemu Blue, Liczba klawiszy: 87","https://cdn.x-kom.pl/i/setup/images/prod/big/product-medium,redragon-usas-437395,2018/7/pr_2018_7_19_12_9_45_380_00.jpg","[{'url': 'https://cdn.x-kom.pl/i/setup/images/prod/big/product-medium,redragon-usas-437395,2018/7/pr_2018_7_19_12_9_45_380_00.jpg', 'path': 'full/1259b3c7409afe48436265b5183736e3681939bc.jpg', 'checksum': 'c7005a24dd6d3adaaf3b64954de1f18b'}]",Klawiatura  przewodowa Redragon USAS,,"129,00 zł","Ocena 5,91",https:/www.x-kom.pl/p/437395-klawiatura-przewodowa-redragon-usas.html
"Typ: Dla graczy, Mechaniczna, Łączność: Przewodowa, Podświetlenie: Wielokolorowe, Przełączniki: Przełączniki optyczne dla klawiszy Q/W/E/R/A/S/D/F","https://cdn.x-kom.pl/i/setup/images/prod/big/product-medium,a4tech-bloody-b3370r-rgb-428396,2018/6/pr_2018_6_16_9_21_26_762_00.jpg","[{'url': 'https://cdn.x-kom.pl/i/setup/images/prod/big/product-medium,a4tech-bloody-b3370r-rgb-428396,2018/6/pr_2018_6_16_9_21_26_762_00.jpg', 'path': 'full/759682679df914c3556f65c71611114c2d033a60.jpg', 'checksum': '5105e6ee9f549673dbd2d6e8014872c6'}]",Klawiatura  przewodowa A4Tech Bloody B3370R RGB,,"159,00 zł","Ocena 5,67",https:/www.x-kom.pl/p/428396-klawiatura-przewodowa-a4tech-bloody-b3370r-rgb.html
"Typ: Dla graczy, Mechaniczna, Łączność: Przewodowa, Podświetlenie: Wielokolorowe, Punktowe - każdy klawisz w innym kolorze, Strefowe - każda strefa w innym kolorze, Regulowana jasność, Przełączniki: Przełączniki mechaniczne - Razer Orange","https://cdn.x-kom.pl/i/setup/images/prod/big/product-medium,razer-blackwidow-elite-orange-switch-453686,2018/10/pr_2018_10_3_13_33_2_814_00.jpg","[{'url': 'https://cdn.x-kom.pl/i/setup/images/prod/big/product-medium,razer-blackwidow-elite-orange-switch-453686,2018/10/pr_2018_10_3_13_33_2_814_00.jpg', 'path': 'full/1f4d6d8dbf14a9be311e7b1aa48030a6149c0723.jpg', 'checksum': '8385ad43eb87c01cfe8d11ecb9bad35e'}]",Klawiatura  przewodowa Razer BlackWidow Elite Orange Switch ,,"719,00 zł",Ten produkt czeka na Twoją opinię,https:/www.x-kom.pl/p/453686-klawiatura-przewodowa-razer-blackwidow-elite-orange-switch.html
"Typ: Dla graczy, Mechaniczna, Łączność: Przewodowa, Podświetlenie: Wielokolorowe, Przełączniki: Przełączniki mechaniczne - Cherry MX Speed","https://cdn.x-kom.pl/i/setup/images/prod/big/product-medium,corsair-k95-platinum-cherry-mx-speed-rgb-343838,2017/7/pr_2017_7_18_11_45_8_74.jpg","[{'url': 'https://cdn.x-kom.pl/i/setup/images/prod/big/product-medium,corsair-k95-platinum-cherry-mx-speed-rgb-343838,2017/7/pr_2017_7_18_11_45_8_74.jpg', 'path': 'full/846a499a9fe74b87f22609f4bcd89440a332823c.jpg', 'checksum': '67697688ac7a7da49646f189065004ae'}]","Klawiatura  przewodowa Corsair K95 Platinum (Cherry MX Speed, RGB) ",,"799,00 zł","Ocena 5,84",https:/www.x-kom.pl/p/343838-klawiatura-przewodowa-corsair-k95-platinum-cherry-mx-speed-rgb.html
"Typ: Mechaniczna, Łączność: Przewodowa, Podświetlenie: Wielokolorowe, Przełączniki: Przełączniki mechaniczne - Cherry MX Silent","https://cdn.x-kom.pl/i/setup/images/prod/big/product-medium,corsair-strafe-rgb-mk2-cherry-mx-silent-rgb-433751,2018/6/pr_2018_6_15_14_13_19_153_00.jpg","[{'url': 'https://cdn.x-kom.pl/i/setup/images/prod/big/product-medium,corsair-strafe-rgb-mk2-cherry-mx-silent-rgb-433751,2018/6/pr_2018_6_15_14_13_19_153_00.jpg', 'path': 'full/9b1d679e82a24c954db0b51a743e6a57dd5faa71.jpg', 'checksum': '43d8cff33db15a2267b42e9735d6104f'}]","Klawiatura  przewodowa Corsair STRAFE RGB MK.2 (Cherry MX Silent, RGB)",,,"Ocena 3,00",https:/www.x-kom.pl/p/433751-klawiatura-przewodowa-corsair-strafe-rgb-mk2-cherry-mx-silent-rgb.html
"Typ: Mechaniczna, Łączność: Przewodowa, Podświetlenie: Wielokolorowe, Przełączniki: Przełączniki mechaniczne - Cherry MX Speed","https://cdn.x-kom.pl/i/setup/images/prod/big/product-medium,corsair-k70-rgb-mk2-se-cherry-mx-speed-rgb-433750,2018/6/pr_2018_6_15_13_10_40_778_00.jpg","[{'url': 'https://cdn.x-kom.pl/i/setup/images/prod/big/product-medium,corsair-k70-rgb-mk2-se-cherry-mx-speed-rgb-433750,2018/6/pr_2018_6_15_13_10_40_778_00.jpg', 'path': 'full/5dd9043943da3a3f5866cfe3757a259935a8d217.jpg', 'checksum': '0e2b922f59e0317e0ee5548cc9fa611f'}]","Klawiatura  przewodowa Corsair K70 RGB MK.2 SE (Cherry MX Speed, RGB)",,"779,00 zł","Ocena 5,80",https:/www.x-kom.pl/p/433750-klawiatura-przewodowa-corsair-k70-rgb-mk2-se-cherry-mx-speed-rgb.html
"Typ: Dla graczy, Mechaniczna, Łączność: Przewodowa, Podświetlenie: Trzy kolory, Punktowe - każdy klawisz w innym kolorze, Przełączniki: Przełączniki mechaniczne - Outemu Blue","https://cdn.x-kom.pl/i/setup/images/prod/big/product-medium,redragon-kb-andromeda-461994,2018/12/pr_2018_12_17_10_46_42_313_00.jpg","[{'url': 'https://cdn.x-kom.pl/i/setup/images/prod/big/product-medium,redragon-kb-andromeda-461994,2018/12/pr_2018_12_17_10_46_42_313_00.jpg', 'path': 'full/786672c51106512330aff39f6b0423d0ffb03d21.jpg', 'checksum': '7a27dbc75ab67eee700c9892d6b600a4'}]",Klawiatura  przewodowa Redragon KB ANDROMEDA,,"149,00 zł","Ocena 6,00",https:/www.x-kom.pl/p/461994-klawiatura-przewodowa-redragon-kb-andromeda.html
"Typ: Optyczno-mechaniczna, Łączność: Przewodowa, Podświetlenie: Wielokolorowe, Strefowe - każda strefa w innym kolorze, Przełączniki: Przełączniki optomechaniczne","https://cdn.x-kom.pl/i/setup/images/prod/big/product-medium,razer-huntsman-446421,2018/8/pr_2018_8_28_12_52_48_374_00.jpg","[{'url': 'https://cdn.x-kom.pl/i/setup/images/prod/big/product-medium,razer-huntsman-446421,2018/8/pr_2018_8_28_12_52_48_374_00.jpg', 'path': 'full/b183f1d1888a012ee61241031f5bdc451cd879d8.jpg', 'checksum': '5e6c0d857b7c251143ce17ab7317e68f'}]",Klawiatura  przewodowa Razer Huntsman ,,,"Ocena 5,50",https:/www.x-kom.pl/p/446421-klawiatura-przewodowa-razer-huntsman.html
"Typ: Dla graczy, Łączność: Przewodowa, Podświetlenie: Wielokolorowe, Liczba klawiszy: 116","https://cdn.x-kom.pl/i/setup/images/prod/big/product-medium,redragon-asura-437379,2018/7/pr_2018_7_25_13_36_41_403_00.jpg","[{'url': 'https://cdn.x-kom.pl/i/setup/images/prod/big/product-medium,redragon-asura-437379,2018/7/pr_2018_7_25_13_36_41_403_00.jpg', 'path': 'full/07377616c1698b1bde36b48a37c7236782b6d5c5.jpg', 'checksum': '126d5ae06e7f9d49b38130e9800cb155'}]",Klawiatura  przewodowa Redragon ASURA,,"95,00 zł","Ocena 5,86",https:/www.x-kom.pl/p/437379-klawiatura-przewodowa-redragon-asura.html
"Typ: Dla graczy, Mechaniczna, Łączność: Przewodowa, Podświetlenie: Wielokolorowe, Przełączniki: Przełączniki mechaniczne - Cherry MX Silver","https://cdn.x-kom.pl/i/setup/images/prod/big/product-medium,msi-vigor-gk80-cherry-mx-silver-speed-rgb-420110,2018/4/pr_2018_4_4_17_31_19_498_00.jpg","[{'url': 'https://cdn.x-kom.pl/i/setup/images/prod/big/product-medium,msi-vigor-gk80-cherry-mx-silver-speed-rgb-420110,2018/4/pr_2018_4_4_17_31_19_498_00.jpg', 'path': 'full/1f3e09d0ad6f2ab6fcbd86470561106ae92b24ad.jpg', 'checksum': 'f5c65ee36c6f0ab8de1d74f3ec1f9e52'}]",Klawiatura  przewodowa MSI Vigor GK80 (Cherry MX SILVER SPEED - RGB),,"729,00 zł",Ten produkt czeka na Twoją opinię,https:/www.x-kom.pl/p/420110-klawiatura-przewodowa-msi-vigor-gk80-cherry-mx-silver-speed-rgb.html
"Typ: Dla graczy, Mechaniczna, Łączność: Przewodowa, Podświetlenie: Wielokolorowe, Punktowe - każdy klawisz w innym kolorze, Przełączniki: Przełączniki mechaniczne - Cherry MX Red","https://cdn.x-kom.pl/i/setup/images/prod/big/product-medium,corsair-k68-cherry-mx-red-rgb-407723,2018/2/pr_2018_2_13_9_30_2_33_00.jpg","[{'url': 'https://cdn.x-kom.pl/i/setup/images/prod/big/product-medium,corsair-k68-cherry-mx-red-rgb-407723,2018/2/pr_2018_2_13_9_30_2_33_00.jpg', 'path': 'full/d641b46e1c0682abdab649166d40c986a45cdfa1.jpg', 'checksum': '2f88feab29d8a2815df9e5f213865acd'}]","Klawiatura  przewodowa Corsair K68 (Cherry MX Red, RGB)",,,Ten produkt czeka na Twoją opinię,https:/www.x-kom.pl/p/407723-klawiatura-przewodowa-corsair-k68-cherry-mx-red-rgb.html
"Typ: Dla graczy, Mechaniczna, Łączność: Przewodowa, Podświetlenie: Punktowe - każdy klawisz w innym kolorze, Przełączniki: Przełączniki mechaniczne - ROMER-G","https://cdn.x-kom.pl/i/setup/images/prod/big/product-medium,logitech-g-pro-gaming-keyboard-358055,2017/11/pr_2017_11_15_13_23_10_922_01.jpg","[{'url': 'https://cdn.x-kom.pl/i/setup/images/prod/big/product-medium,logitech-g-pro-gaming-keyboard-358055,2017/11/pr_2017_11_15_13_23_10_922_01.jpg', 'path': 'full/14ea5ef3bf6583dda04c3f213d388de9316ddde0.jpg', 'checksum': '525a066c41bd861fb0e87e6882a04ca2'}]",Klawiatura  przewodowa Logitech G PRO Gaming Keyboard,,"549,00 zł","Ocena 5,38",https:/www.x-kom.pl/p/358055-klawiatura-przewodowa-logitech-g-pro-gaming-keyboard.html
"Typ: Dla graczy, Mechaniczna, Łączność: Przewodowa, Podświetlenie: Wielokolorowe, Punktowe - każdy klawisz w innym kolorze, Strefowe - każda strefa w innym kolorze, Regulowana jasność, Przełączniki: Przełączniki mechaniczne - Razer Yellow","https://cdn.x-kom.pl/i/setup/images/prod/big/product-medium,razer-blackwidow-elite-yellow-switch-453687,2018/10/pr_2018_10_3_13_33_2_814_00.jpg","[{'url': 'https://cdn.x-kom.pl/i/setup/images/prod/big/product-medium,razer-blackwidow-elite-yellow-switch-453687,2018/10/pr_2018_10_3_13_33_2_814_00.jpg', 'path': 'full/04f353f7728ed1fe50f444e93f992f53822b0622.jpg', 'checksum': '8385ad43eb87c01cfe8d11ecb9bad35e'}]",Klawiatura  przewodowa Razer BlackWidow Elite Yellow Switch ,,"719,00 zł","Ocena 6,00",https:/www.x-kom.pl/p/453687-klawiatura-przewodowa-razer-blackwidow-elite-yellow-switch.html
"Typ: Dla graczy, Mechaniczna, Łączność: Przewodowa, Podświetlenie: Punktowe - każdy klawisz w innym kolorze, Przełączniki: Przełączniki mechaniczne - Kailh Red","https://cdn.x-kom.pl/i/setup/images/prod/big/product-medium,patriot-viper-v770-rgb-mechaniczna-366072,2017/7/pr_2017_7_18_14_42_8_744.jpg","[{'url': 'https://cdn.x-kom.pl/i/setup/images/prod/big/product-medium,patriot-viper-v770-rgb-mechaniczna-366072,2017/7/pr_2017_7_18_14_42_8_744.jpg', 'path': 'full/dc563a3a61157684468acc82e7eea72c3430761b.jpg', 'checksum': '8b8cc4ce985bfee0131f9ffa6ee7b547'}]",Klawiatura  przewodowa Patriot Viper V770 RGB (Mechaniczna),,,"Ocena 6,00",https:/www.x-kom.pl/p/366072-klawiatura-przewodowa-patriot-viper-v770-rgb-mechaniczna.html
"Typ: Dla graczy, Mechaniczna, Łączność: Przewodowa, Podświetlenie: Wielokolorowe, Punktowe - każdy klawisz w innym kolorze, Strefowe - każda strefa w innym kolorze, Przełączniki: Przełączniki mechaniczne - Cherry MX Red","https://cdn.x-kom.pl/i/setup/images/prod/big/product-medium,corsair-k65-lux-cherry-mx-red-rgb-321218,2017/7/pr_2017_7_18_9_49_41_841.jpg","[{'url': 'https://cdn.x-kom.pl/i/setup/images/prod/big/product-medium,corsair-k65-lux-cherry-mx-red-rgb-321218,2017/7/pr_2017_7_18_9_49_41_841.jpg', 'path': 'full/5104756da9c8d6f36f9edd86867c1a9aee0c017f.jpg', 'checksum': 'a68237aefe870f230b7df5378f027cbc'}]","Klawiatura  przewodowa Corsair K65 LUX (Cherry MX Red, RGB)",,"629,00 zł","Ocena 5,17",https:/www.x-kom.pl/p/321218-klawiatura-przewodowa-corsair-k65-lux-cherry-mx-red-rgb.html
"Typ: Dla graczy, Mechaniczna, Łączność: Przewodowa, Podświetlenie: Wielokolorowe, Punktowe - każdy klawisz w innym kolorze, Regulowana jasność, Przełączniki: Przełączniki mechaniczne - Outemu Blue","https://cdn.x-kom.pl/i/setup/images/prod/big/product-medium,redragon-kb-visnu-rainbow-462008,2018/12/pr_2018_12_17_11_37_2_295_00.jpg","[{'url': 'https://cdn.x-kom.pl/i/setup/images/prod/big/product-medium,redragon-kb-visnu-rainbow-462008,2018/12/pr_2018_12_17_11_37_2_295_00.jpg', 'path': 'full/770ae2f030329f42877632cddcf47b3df215e8aa.jpg', 'checksum': '18439adf4b48c911464741e4fc36db5c'}]",Klawiatura  przewodowa Redragon KB VISNU Rainbow,,"169,00 zł",Ten produkt czeka na Twoją opinię,https:/www.x-kom.pl/p/462008-klawiatura-przewodowa-redragon-kb-visnu-rainbow.html
"Typ: Dla graczy, Łączność: Przewodowa, Podświetlenie: Siedem kolorów, Liczba klawiszy: 110","https://cdn.x-kom.pl/i/setup/images/prod/big/product-medium,redragon-yaksa-461982,2018/12/pr_2018_12_4_12_8_30_761_00.jpg","[{'url': 'https://cdn.x-kom.pl/i/setup/images/prod/big/product-medium,redragon-yaksa-461982,2018/12/pr_2018_12_4_12_8_30_761_00.jpg', 'path': 'full/86d7cbeeca818d86be213d4e20c6a686c814a8cf.jpg', 'checksum': 'c3b2bc9594b07ae71244105e7d5638c5'}]",Klawiatura  przewodowa Redragon YAKSA,,"99,00 zł",Ten produkt czeka na Twoją opinię,https:/www.x-kom.pl/p/461982-klawiatura-przewodowa-redragon-yaksa.html
"Typ: Mechaniczna, Łączność: Przewodowa, Podświetlenie: Wielokolorowe, Przełączniki: Przełączniki mechaniczne - Cherry MX Speed","https://cdn.x-kom.pl/i/setup/images/prod/big/product-medium,corsair-k70-rgb-mk2-rapidfire-cherry-mx-speed-rgb-433748,2018/6/pr_2018_6_15_13_30_27_508_00.jpg","[{'url': 'https://cdn.x-kom.pl/i/setup/images/prod/big/product-medium,corsair-k70-rgb-mk2-rapidfire-cherry-mx-speed-rgb-433748,2018/6/pr_2018_6_15_13_30_27_508_00.jpg', 'path': 'full/ded97a6b680f1e52c80551a2bf971c5886a32ed9.jpg', 'checksum': '952943c02fcce2c677bf84f606ce8e53'}]","Klawiatura  przewodowa Corsair  K70 RGB MK.2 RAPIDFIRE (Cherry MX Speed, RGB)",,,Ten produkt czeka na Twoją opinię,https:/www.x-kom.pl/p/433748-klawiatura-przewodowa-corsair-k70-rgb-mk2-rapidfire-cherry-mx-speed-rgb.html
"Typ: Dla graczy, Mechaniczna, Łączność: Przewodowa, Podświetlenie: Czerwone, Regulowana jasność, Przełączniki: Przełączniki mechaniczne - Cherry MX Red","https://cdn.x-kom.pl/i/setup/images/prod/big/product-medium,hyperx-alloy-fps-pro-cherry-mx-red-378250,2017/8/pr_2017_8_9_12_43_33_338_00.jpg","[{'url': 'https://cdn.x-kom.pl/i/setup/images/prod/big/product-medium,hyperx-alloy-fps-pro-cherry-mx-red-378250,2017/8/pr_2017_8_9_12_43_33_338_00.jpg', 'path': 'full/850dc59864344fb925b7816c5df196a015538b05.jpg', 'checksum': '667764f9ec1b022a1ce744cc0f158892'}]",Klawiatura  przewodowa HyperX Alloy FPS Pro Cherry MX Red ,,"369,00 zł","Ocena 6,00",https:/www.x-kom.pl/p/378250-klawiatura-przewodowa-hyperx-alloy-fps-pro-cherry-mx-red.html
"Typ: Dla graczy, Mechaniczna, Łączność: Przewodowa, Podświetlenie: Punktowe - każdy klawisz w innym kolorze, Przełączniki: Przełączniki mechaniczne - Kailh Brown","https://cdn.x-kom.pl/i/setup/images/prod/big/product-medium,patriot-viper-v760-rgb-mechaniczna-366074,2017/7/pr_2017_7_18_14_38_33_924.jpg","[{'url': 'https://cdn.x-kom.pl/i/setup/images/prod/big/product-medium,patriot-viper-v760-rgb-mechaniczna-366074,2017/7/pr_2017_7_18_14_38_33_924.jpg', 'path': 'full/37f0a62d313c4e7722a957cdefb4b1e1fda37ab3.jpg', 'checksum': 'f9f581891e4ec6a18cd03922bb6fcc45'}]",Klawiatura  przewodowa Patriot Viper V760 RGB (Mechaniczna),,,"Ocena 6,00",https:/www.x-kom.pl/p/366074-klawiatura-przewodowa-patriot-viper-v760-rgb-mechaniczna.html
"Typ: Klasyczna, Łączność: Przewodowa, Interfejs: USB, Długość przewodu: 1,8 m","https://cdn.x-kom.pl/i/setup/images/prod/big/product-medium,dell-smartcard-keyboard-kb813-339240,2017/7/pr_2017_7_18_13_5_39_964.jpg","[{'url': 'https://cdn.x-kom.pl/i/setup/images/prod/big/product-medium,dell-smartcard-keyboard-kb813-339240,2017/7/pr_2017_7_18_13_5_39_964.jpg', 'path': 'full/3a7c082bdbcdfa666655d065a6419ce79f0bc895.jpg', 'checksum': 'b76d5f8a930f8099f08c51b408543bbd'}]",Klawiatura  przewodowa Dell Smartcard Keyboard KB813,,"129,00 zł","Ocena 6,00",https:/www.x-kom.pl/p/339240-klawiatura-przewodowa-dell-smartcard-keyboard-kb813.html
"Typ: Niskoprofilowa, Klasyczna, Łączność: Przewodowa, Interfejs: USB, Długość przewodu: 1,5 m","https://cdn.x-kom.pl/i/setup/images/prod/big/product-medium,hp-pavilion-300-462663,2018/11/pr_2018_11_27_13_19_19_496_01.jpg","[{'url': 'https://cdn.x-kom.pl/i/setup/images/prod/big/product-medium,hp-pavilion-300-462663,2018/11/pr_2018_11_27_13_19_19_496_01.jpg', 'path': 'full/59d5a6c03d6da6058ac79c9f304fe1c4b2cfb495.jpg', 'checksum': '81138b7dd9f00336a7c53791f09025bc'}]",Klawiatura  przewodowa HP Pavilion 300,,"149,00 zł",Ten produkt czeka na Twoją opinię,https:/www.x-kom.pl/p/462663-klawiatura-przewodowa-hp-pavilion-300.html
"Typ: Mechaniczna, Łączność: Przewodowa, Podświetlenie: Wielokolorowe, Przełączniki: Przełączniki mechaniczne - ROMER-G Linear","https://cdn.x-kom.pl/i/setup/images/prod/big/product-medium,logitech-g513-carbon-linear-446324,2018/10/pr_2018_10_15_8_51_6_251_00.jpg","[{'url': 'https://cdn.x-kom.pl/i/setup/images/prod/big/product-medium,logitech-g513-carbon-linear-446324,2018/10/pr_2018_10_15_8_51_6_251_00.jpg', 'path': 'full/c335aa13d3229baaaa31f8ad378f6aed56fee2fe.jpg', 'checksum': '91849ce0a74e0a78d75dcf0b229c11d8'}]",Klawiatura  przewodowa Logitech G513 Carbon Linear,,"649,00 zł",Ten produkt czeka na Twoją opinię,https:/www.x-kom.pl/p/446324-klawiatura-przewodowa-logitech-g513-carbon-linear.html
"Typ: Membranowa, Łączność: Przewodowa, Podświetlenie: Trzy kolory, Regulowana jasność, Interfejs: USB","https://cdn.x-kom.pl/i/setup/images/prod/big/product-medium,a4tech-bloody-b130-410678,2018/4/pr_2018_4_18_7_49_24_371_00.jpg","[{'url': 'https://cdn.x-kom.pl/i/setup/images/prod/big/product-medium,a4tech-bloody-b130-410678,2018/4/pr_2018_4_18_7_49_24_371_00.jpg', 'path': 'full/5a8d772b91d93a4b2bbe55e40995a263d0c3a703.jpg', 'checksum': '2c4e7ea94d9159697fbf9a82c071ecd2'}]",Klawiatura  przewodowa A4Tech Bloody B130,,"109,00 zł",Ten produkt czeka na Twoją opinię,https:/www.x-kom.pl/p/410678-klawiatura-przewodowa-a4tech-bloody-b130.html
"Typ: Dla graczy, Mechaniczna, Łączność: Przewodowa, Podświetlenie: Czerwone, Regulowana jasność, Przełączniki: Przełączniki mechaniczne - Cherry MX Red","https://cdn.x-kom.pl/i/setup/images/prod/big/product-medium,hyperx-alloy-fps-cherry-mx-red-348756,2017/7/pr_2017_7_18_13_11_42_679.jpg","[{'url': 'https://cdn.x-kom.pl/i/setup/images/prod/big/product-medium,hyperx-alloy-fps-cherry-mx-red-348756,2017/7/pr_2017_7_18_13_11_42_679.jpg', 'path': 'full/ccaa57dde47752b35dc3da4aa2c7906436c91c34.jpg', 'checksum': '40cc19caca33ab977d933a9da739aa9b'}]",Klawiatura  przewodowa HyperX Alloy FPS Cherry MX Red,,"399,00 zł","Ocena 6,00",https:/www.x-kom.pl/p/348756-klawiatura-przewodowa-hyperx-alloy-fps-cherry-mx-red.html
"Typ: Dla graczy, Mechaniczna, Łączność: Przewodowa, Podświetlenie: Wielokolorowe, Punktowe - każdy klawisz w innym kolorze, Przełączniki: Przełączniki mechaniczne - SteelSeries QX2","https://cdn.x-kom.pl/i/setup/images/prod/big/product-medium,steelseries-apex-m750-tkl-408108,2018/2/pr_2018_2_13_11_3_17_968_00.jpg","[{'url': 'https://cdn.x-kom.pl/i/setup/images/prod/big/product-medium,steelseries-apex-m750-tkl-408108,2018/2/pr_2018_2_13_11_3_17_968_00.jpg', 'path': 'full/a3202b8a7fe49be5b95b32635dffcc453d2ce001.jpg', 'checksum': 'e7f601eb4d747932dac88155b7c42188'}]",Klawiatura  przewodowa SteelSeries Apex M750 TKL,,"599,00 zł","Ocena 6,00",https:/www.x-kom.pl/p/408108-klawiatura-przewodowa-steelseries-apex-m750-tkl.html
"Typ: Dla graczy, Mechaniczna, Łączność: Przewodowa, Podświetlenie: Czerwone, Przełączniki: Przełączniki mechaniczne - Cherry MX Red","https://cdn.x-kom.pl/i/setup/images/prod/big/product-medium,corsair-k68-cherry-mx-red-red-led-407720,2018/2/pr_2018_2_13_8_35_27_557_00.jpg","[{'url': 'https://cdn.x-kom.pl/i/setup/images/prod/big/product-medium,corsair-k68-cherry-mx-red-red-led-407720,2018/2/pr_2018_2_13_8_35_27_557_00.jpg', 'path': 'full/f1c3d9359bd679ab9fa593e1cfa9d012f418bcf1.jpg', 'checksum': '1f725748d114b283944365e16e0ebd4b'}]","Klawiatura  przewodowa Corsair K68 (Cherry MX Red, Red LED)",,"399,00 zł","Ocena 5,67",https:/www.x-kom.pl/p/407720-klawiatura-przewodowa-corsair-k68-cherry-mx-red-red-led.html
"Typ: Dla graczy, Mechaniczna, Łączność: Przewodowa, Podświetlenie: Punktowe - każdy klawisz w innym kolorze, Regulowana jasność, Przełączniki: Przełączniki mechaniczne - Cherry MX Brown","https://cdn.x-kom.pl/i/setup/images/prod/big/product-medium,hyperx-alloy-elite-rgb-cherry-mx-brown-404771,2018/1/pr_2018_1_24_7_6_55_385_05.jpg","[{'url': 'https://cdn.x-kom.pl/i/setup/images/prod/big/product-medium,hyperx-alloy-elite-rgb-cherry-mx-brown-404771,2018/1/pr_2018_1_24_7_6_55_385_05.jpg', 'path': 'full/2dc6b95dfc36c5f654d0d7a7043657433c0c43a4.jpg', 'checksum': 'ad59da1f28a1ab896f9412f5af14f112'}]",Klawiatura  przewodowa HyperX Alloy Elite RGB Cherry MX Brown,,"549,00 zł",Ten produkt czeka na Twoją opinię,https:/www.x-kom.pl/p/404771-klawiatura-przewodowa-hyperx-alloy-elite-rgb-cherry-mx-brown.html
"Typ: Dla graczy, Mechaniczna, Łączność: Przewodowa, Podświetlenie: Wielokolorowe, Liczba klawiszy: 87","https://cdn.x-kom.pl/i/setup/images/prod/big/product-medium,redragon-usas-rgb-461986,2018/12/pr_2018_12_4_13_40_0_509_00.jpg","[{'url': 'https://cdn.x-kom.pl/i/setup/images/prod/big/product-medium,redragon-usas-rgb-461986,2018/12/pr_2018_12_4_13_40_0_509_00.jpg', 'path': 'full/6c196e7123e30581cc06e5544574b346f48d2c99.jpg', 'checksum': '546e4a11b3804a14632bf35c57809024'}]",Klawiatura  przewodowa Redragon USAS RGB,,"169,00 zł",Ten produkt czeka na Twoją opinię,https:/www.x-kom.pl/p/461986-klawiatura-przewodowa-redragon-usas-rgb.html
"Typ: Mechaniczna, Łączność: Przewodowa, Podświetlenie: Wielokolorowe, Punktowe - każdy klawisz w innym kolorze, Strefowe - każda strefa w innym kolorze, Regulowana jasność, Przełączniki: Przełączniki mechaniczne - Kailh Silver Speed","https://cdn.x-kom.pl/i/setup/images/prod/big/product-medium,hyperx-alloy-fps-rgb-448426,2018/9/pr_2018_9_17_12_16_35_285_00.jpg","[{'url': 'https://cdn.x-kom.pl/i/setup/images/prod/big/product-medium,hyperx-alloy-fps-rgb-448426,2018/9/pr_2018_9_17_12_16_35_285_00.jpg', 'path': 'full/1d71e9e32b6e8479ceea8e7fbec1536fa38a4950.jpg', 'checksum': '865b991b5efffada06a35438596798ed'}]",Klawiatura  przewodowa HyperX Alloy FPS RGB,,"469,00 zł","Ocena 5,25",https:/www.x-kom.pl/p/448426-klawiatura-przewodowa-hyperx-alloy-fps-rgb.html
"Typ: Dla graczy, Multimedialna, Łączność: Przewodowa, Podświetlenie: Wielokolorowe, Strefowe - każda strefa w innym kolorze, Interfejs: USB","https://cdn.x-kom.pl/i/setup/images/prod/big/product-medium,roccat-horde-aimo-membranical-rgb-gaming-czarna-399632,2017/12/pr_2017_12_27_12_27_10_328_00.jpg","[{'url': 'https://cdn.x-kom.pl/i/setup/images/prod/big/product-medium,roccat-horde-aimo-membranical-rgb-gaming-czarna-399632,2017/12/pr_2017_12_27_12_27_10_328_00.jpg', 'path': 'full/6378fd8b3a14dd5e61f7aa60f8953e34cb7dddd0.jpg', 'checksum': '28b13c504916d726e9806b038dc6c10a'}]",Klawiatura  przewodowa Roccat Horde AIMO - Membranical RGB Gaming (Czarna),,"379,00 zł",Ten produkt czeka na Twoją opinię,https:/www.x-kom.pl/p/399632-klawiatura-przewodowa-roccat-horde-aimo-membranical-rgb-gaming-czarna.html
"Typ: Dla graczy, Mechaniczna, Łączność: Przewodowa, Podświetlenie: Wielokolorowe, Regulowana jasność, Liczba klawiszy: 87","https://cdn.x-kom.pl/i/setup/images/prod/big/product-medium,redragon-kb-tvastar-462017,2018/12/pr_2018_12_4_14_48_8_488_00.jpg","[{'url': 'https://cdn.x-kom.pl/i/setup/images/prod/big/product-medium,redragon-kb-tvastar-462017,2018/12/pr_2018_12_4_14_48_8_488_00.jpg', 'path': 'full/1ff2e0dc2a802bc259b5586ae3a962ef6e1c3012.jpg', 'checksum': 'c042a98855b44c43a708bafce2f7339e'}]",Klawiatura  przewodowa Redragon KB TVASTAR,,"279,00 zł",Ten produkt czeka na Twoją opinię,https:/www.x-kom.pl/p/462017-klawiatura-przewodowa-redragon-kb-tvastar.html
"Typ: Dla graczy, Mechaniczna, Łączność: Przewodowa, Podświetlenie: Trzy kolory, Punktowe - każdy klawisz w innym kolorze, Regulowana jasność, Przełączniki: Przełączniki mechaniczne - Outemu Blue","https://cdn.x-kom.pl/i/setup/images/prod/big/product-medium,redragon-kb-visnu-rgb-462006,2018/12/pr_2018_12_17_11_37_2_295_00.jpg","[{'url': 'https://cdn.x-kom.pl/i/setup/images/prod/big/product-medium,redragon-kb-visnu-rgb-462006,2018/12/pr_2018_12_17_11_37_2_295_00.jpg', 'path': 'full/411ca3bee8bdca4cdd52503e7694f4d93a8ccd96.jpg', 'checksum': '18439adf4b48c911464741e4fc36db5c'}]",Klawiatura  przewodowa Redragon KB VISNU RGB,,"169,00 zł",Ten produkt czeka na Twoją opinię,https:/www.x-kom.pl/p/462006-klawiatura-przewodowa-redragon-kb-visnu-rgb.html
"Typ: Dla graczy, Mechaniczna, Łączność: Przewodowa, Podświetlenie: Wielokolorowe, Interfejs: USB","https://cdn.x-kom.pl/i/setup/images/prod/big/product-medium,roccat-vulcan-120-aimo-457619,2018/10/pr_2018_10_25_12_24_6_666_02.jpg","[{'url': 'https://cdn.x-kom.pl/i/setup/images/prod/big/product-medium,roccat-vulcan-120-aimo-457619,2018/10/pr_2018_10_25_12_24_6_666_02.jpg', 'path': 'full/4197991a6ae8790ae170b191c3ab2484719997dc.jpg', 'checksum': '5ebe6655fc4da9424119176e1b603019'}]",Klawiatura  przewodowa Roccat Vulcan 120 AIMO,,"679,00 zł","Ocena 6,00",https:/www.x-kom.pl/p/457619-klawiatura-przewodowa-roccat-vulcan-120-aimo.html
"Typ: Dla graczy, Łączność: Przewodowa, Podświetlenie: Wielokolorowe, Przełączniki: Przełączniki mechaniczne - Razer Green","https://cdn.x-kom.pl/i/setup/images/prod/big/product-medium,razer-blackwidow-tournament-ed-chroma-v2-ed-quartz-448315,2018/9/pr_2018_9_7_8_5_36_763_00.jpg","[{'url': 'https://cdn.x-kom.pl/i/setup/images/prod/big/product-medium,razer-blackwidow-tournament-ed-chroma-v2-ed-quartz-448315,2018/9/pr_2018_9_7_8_5_36_763_00.jpg', 'path': 'full/e26ccc4f5c880fa7fd6dc047ada30ae68901b90e.jpg', 'checksum': '327eb2fc3d93da5c9f119ad313ffd896'}]",Klawiatura  przewodowa Razer BlackWidow Tournament Ed. Chroma V2 Ed. Quartz,,"599,00 zł","Ocena 6,00",https:/www.x-kom.pl/p/448315-klawiatura-przewodowa-razer-blackwidow-tournament-ed-chroma-v2-ed-quartz.html
"Typ: Dla graczy, Mechaniczna, Łączność: Przewodowa, Podświetlenie: Wielokolorowe, Regulowana jasność, Przełączniki: Przełączniki optyczne","https://cdn.x-kom.pl/i/setup/images/prod/big/product-medium,a4tech-bloody-b975-lk-libra-brown-435406,2018/1/pr_2018_1_25_9_8_59_547_00.jpg","[{'url': 'https://cdn.x-kom.pl/i/setup/images/prod/big/product-medium,a4tech-bloody-b975-lk-libra-brown-435406,2018/1/pr_2018_1_25_9_8_59_547_00.jpg', 'path': 'full/6e0822d7d7a52c36b2ff9aee31d2fc30f85f7934.jpg', 'checksum': '35be21df8fd89c768c2a06a007dfb7fa'}]",Klawiatura  przewodowa A4Tech Bloody B975 (LK LIBRA BROWN),,"289,00 zł","Ocena 6,00",https:/www.x-kom.pl/p/435406-klawiatura-przewodowa-a4tech-bloody-b975-lk-libra-brown.html
"Typ: Dla graczy, Mechaniczna, Łączność: Przewodowa, Podświetlenie: Wielokolorowe, Regulowana jasność, Przełączniki: Przełączniki optyczne","https://cdn.x-kom.pl/i/setup/images/prod/big/product-medium,a4tech-bloody-b930-lk-libra-brown-435405,2018/1/pr_2018_1_25_9_15_29_646_00.jpg","[{'url': 'https://cdn.x-kom.pl/i/setup/images/prod/big/product-medium,a4tech-bloody-b930-lk-libra-brown-435405,2018/1/pr_2018_1_25_9_15_29_646_00.jpg', 'path': 'full/54a7ef98dd389b52facb3322758b785313f38c45.jpg', 'checksum': '43c663d2f50f78bb929d684b001640d2'}]",Klawiatura  przewodowa A4Tech Bloody B930 (LK LIBRA BROWN) ,,"269,00 zł","Ocena 6,00",https:/www.x-kom.pl/p/435405-klawiatura-przewodowa-a4tech-bloody-b930-lk-libra-brown.html
"Typ: Mechaniczna, Łączność: Przewodowa, Podświetlenie: Wielokolorowe, Przełączniki: Przełączniki mechaniczne - Cherry MX Red","https://cdn.x-kom.pl/i/setup/images/prod/big/product-medium,corsair-k70-rgb-mk2-cherry-mx-red-rgb-433753,2018/6/pr_2018_6_15_13_30_27_508_00.jpg","[{'url': 'https://cdn.x-kom.pl/i/setup/images/prod/big/product-medium,corsair-k70-rgb-mk2-cherry-mx-red-rgb-433753,2018/6/pr_2018_6_15_13_30_27_508_00.jpg', 'path': 'full/85c71c4b91fe235af75bf908d05a7a30f7ca537c.jpg', 'checksum': '952943c02fcce2c677bf84f606ce8e53'}]","Klawiatura  przewodowa Corsair K70 RGB MK.2 (Cherry MX Red, RGB)",,,Ten produkt czeka na Twoją opinię,https:/www.x-kom.pl/p/433753-klawiatura-przewodowa-corsair-k70-rgb-mk2-cherry-mx-red-rgb.html
"Typ: Dla graczy, Mechaniczna, Łączność: Przewodowa, Podświetlenie: Czerwone, Regulowana jasność, Przełączniki: Przełączniki mechaniczne - Cherry MX Blue","https://cdn.x-kom.pl/i/setup/images/prod/big/product-medium,hyperx-alloy-fps-pro-cherry-mx-blue-428730,2017/8/pr_2017_8_9_12_43_33_338_00.jpg","[{'url': 'https://cdn.x-kom.pl/i/setup/images/prod/big/product-medium,hyperx-alloy-fps-pro-cherry-mx-blue-428730,2017/8/pr_2017_8_9_12_43_33_338_00.jpg', 'path': 'full/019b9f9eaf75f313d319feca201df91d1a0aff43.jpg', 'checksum': '667764f9ec1b022a1ce744cc0f158892'}]",Klawiatura  przewodowa HyperX Alloy FPS Pro Cherry MX Blue,,"399,00 zł","Ocena 6,00",https:/www.x-kom.pl/p/428730-klawiatura-przewodowa-hyperx-alloy-fps-pro-cherry-mx-blue.html
"Typ: Dla graczy, Mechaniczna, Łączność: Przewodowa, Podświetlenie: Wielokolorowe, Punktowe - każdy klawisz w innym kolorze, Przełączniki: Przełączniki mechaniczne - Cherry MX Red","https://cdn.x-kom.pl/i/setup/images/prod/big/product-medium,asus-rog-horus-gk2000-cherry-mx-red-rgb-411965,2018/3/pr_2018_3_1_13_1_19_375_00.jpg","[{'url': 'https://cdn.x-kom.pl/i/setup/images/prod/big/product-medium,asus-rog-horus-gk2000-cherry-mx-red-rgb-411965,2018/3/pr_2018_3_1_13_1_19_375_00.jpg', 'path': 'full/e5801fabf2ebe15d57ba6ecf58b994991cdecc2a.jpg', 'checksum': '47b7e404da9640a91fcabe68a12f8fdd'}]","Klawiatura  przewodowa ASUS ROG Horus GK2000 (Cherry MX Red, RGB)",,"1 299,00 zł","Ocena 5,63",https:/www.x-kom.pl/p/411965-klawiatura-przewodowa-asus-rog-horus-gk2000-cherry-mx-red-rgb.html
"Typ: Dla graczy, Mechaniczna, Łączność: Przewodowa, Podświetlenie: Punktowe - każdy klawisz w innym kolorze, Regulowana jasność, Przełączniki: Przełączniki mechaniczne - Cherry MX Red","https://cdn.x-kom.pl/i/setup/images/prod/big/product-medium,hyperx-alloy-elite-rgb-cherry-mx-red-404772,2018/1/pr_2018_1_24_7_6_55_385_05.jpg","[{'url': 'https://cdn.x-kom.pl/i/setup/images/prod/big/product-medium,hyperx-alloy-elite-rgb-cherry-mx-red-404772,2018/1/pr_2018_1_24_7_6_55_385_05.jpg', 'path': 'full/fef6f842b38ca94bb8893dc8c2113b502b2ebe9e.jpg', 'checksum': 'ad59da1f28a1ab896f9412f5af14f112'}]",Klawiatura  przewodowa HyperX Alloy Elite RGB Cherry MX Red,,"549,00 zł","Ocena 6,00",https:/www.x-kom.pl/p/404772-klawiatura-przewodowa-hyperx-alloy-elite-rgb-cherry-mx-red.html
"Typ: Dla graczy, Mechaniczna, Łączność: Przewodowa, Podświetlenie: Wielokolorowe, Punktowe - każdy klawisz w innym kolorze, Przełączniki: Przełączniki mechaniczne - Cherry MX Brown","https://cdn.x-kom.pl/i/setup/images/prod/big/product-medium,asus-rog-claymore-mk-cherry-mx-brown-355956,pr_2017_1_11_9_51_54_200.jpg","[{'url': 'https://cdn.x-kom.pl/i/setup/images/prod/big/product-medium,asus-rog-claymore-mk-cherry-mx-brown-355956,pr_2017_1_11_9_51_54_200.jpg', 'path': 'full/2387f9afd171f2d2b55677f996d61d3ebc6bc0c3.jpg', 'checksum': '87c8b1b74bd97c5a8bfc1ff9b057116c'}]",Klawiatura  przewodowa ASUS ROG Claymore MK (Cherry MX Brown),,,"Ocena 4,50",https:/www.x-kom.pl/p/355956-klawiatura-przewodowa-asus-rog-claymore-mk-cherry-mx-brown.html
"Typ: Dla graczy, Łączność: Przewodowa, Liczba klawiszy: 104, Interfejs: USB","https://cdn.x-kom.pl/i/setup/images/prod/big/product-medium,modecom-mc-800u-334695,2017/7/pr_2017_7_18_13_58_0_699.jpg","[{'url': 'https://cdn.x-kom.pl/i/setup/images/prod/big/product-medium,modecom-mc-800u-334695,2017/7/pr_2017_7_18_13_58_0_699.jpg', 'path': 'full/05a19abc41b0f94b6567a794bbb6ab6ac4bf8757.jpg', 'checksum': 'b715e0187699d4f6ffb9a1e8d15d22d1'}]",Klawiatura  przewodowa MODECOM MC-800U,,"65,00 zł","Ocena 5,00",https:/www.x-kom.pl/p/334695-klawiatura-przewodowa-modecom-mc-800u.html
"Typ: Dla graczy, Łączność: Przewodowa, Podświetlenie: Wielokolorowe, Regulowana jasność, Interfejs: USB","https://cdn.x-kom.pl/i/setup/images/prod/big/product-medium,a4tech-bloody-b314-286997,2017/7/pr_2017_7_19_8_43_53_396.jpg","[{'url': 'https://cdn.x-kom.pl/i/setup/images/prod/big/product-medium,a4tech-bloody-b314-286997,2017/7/pr_2017_7_19_8_43_53_396.jpg', 'path': 'full/6ee749c3e136ecebdc4b960e9087f84107e6ebb0.jpg', 'checksum': '7dd5ed3305d7790e3c3daa3c10659c67'}]",Klawiatura  przewodowa A4Tech Bloody B314,,"135,00 zł","Ocena 4,63",https:/www.x-kom.pl/p/286997-klawiatura-przewodowa-a4tech-bloody-b314.html
"Typ: Dla graczy, Mechaniczna, Łączność: Przewodowa, Podświetlenie: Wielokolorowe, Przełączniki: Przełączniki mechaniczne - Outemu Blue","https://cdn.x-kom.pl/i/setup/images/prod/big/product-medium,modecom-volcano-hammer-rgb-473958,2019/1/pr_2019_1_17_12_0_49_129_08.jpg","[{'url': 'https://cdn.x-kom.pl/i/setup/images/prod/big/product-medium,modecom-volcano-hammer-rgb-473958,2019/1/pr_2019_1_17_12_0_49_129_08.jpg', 'path': 'full/dcdeaab5f53cda17411f801ec47631430a4c3fd0.jpg', 'checksum': 'c990bbcdef6aeef44f3c6faca46aa60b'}]",Klawiatura  przewodowa MODECOM Volcano Hammer RGB,,"209,00 zł",Ten produkt czeka na Twoją opinię,https:/www.x-kom.pl/p/473958-klawiatura-przewodowa-modecom-volcano-hammer-rgb.html
"Typ: Dla graczy, Mechaniczna, Łączność: Przewodowa, Podświetlenie: Wielokolorowe, Regulowana jasność, Przełączniki: Przełączniki mechaniczne - Outemu Brown","https://cdn.x-kom.pl/i/setup/images/prod/big/product-medium,redragon-kb-kama-465892,2018/12/pr_2018_12_6_8_52_45_216_00.jpg","[{'url': 'https://cdn.x-kom.pl/i/setup/images/prod/big/product-medium,redragon-kb-kama-465892,2018/12/pr_2018_12_6_8_52_45_216_00.jpg', 'path': 'full/443d2409b654669c7a8be63f6430e9505ef22d28.jpg', 'checksum': 'b7c9048bdd31c0ffdad196b204594d03'}]",Klawiatura  przewodowa Redragon KB KAMA,,"209,00 zł",Ten produkt czeka na Twoją opinię,https:/www.x-kom.pl/p/465892-klawiatura-przewodowa-redragon-kb-kama.html
"Typ: Dla graczy, Łączność: Przewodowa, Podświetlenie: Wielokolorowe, Przełączniki: Przełączniki mechaniczne - SteelSeries QX2","https://cdn.x-kom.pl/i/setup/images/prod/big/product-medium,steelseries-apex-m750-tkl-pubg-edition-456783,2018/10/pr_2018_10_22_7_45_39_426_00.jpg","[{'url': 'https://cdn.x-kom.pl/i/setup/images/prod/big/product-medium,steelseries-apex-m750-tkl-pubg-edition-456783,2018/10/pr_2018_10_22_7_45_39_426_00.jpg', 'path': 'full/507b84f4449713b6e7f19d32d68497c8910d85c1.jpg', 'checksum': 'ccb196293324f98122a4a3c8fccdda64'}]",Klawiatura  przewodowa SteelSeries Apex M750 TKL PUBG Edition,,,Ten produkt czeka na Twoją opinię,https:/www.x-kom.pl/p/456783-klawiatura-przewodowa-steelseries-apex-m750-tkl-pubg-edition.html
"Typ: Mechaniczna, Łączność: Przewodowa, Podświetlenie: Wielokolorowe, Przełączniki: Przełączniki mechaniczne - Kailh Blue","https://cdn.x-kom.pl/i/setup/images/prod/big/product-medium,acer-predator-aethon-500-gaming-keyboard-456733,2018/10/pr_2018_10_19_12_18_21_145_05.jpg","[{'url': 'https://cdn.x-kom.pl/i/setup/images/prod/big/product-medium,acer-predator-aethon-500-gaming-keyboard-456733,2018/10/pr_2018_10_19_12_18_21_145_05.jpg', 'path': 'full/5c46b5e89597cdce5532e679eb3b456e00f9d9f6.jpg', 'checksum': '0fb84de41be739bf7ba2cbe300c562f5'}]",Klawiatura  przewodowa Acer Predator Aethon 500 Gaming Keyboard,,"699,00 zł",Ten produkt czeka na Twoją opinię,https:/www.x-kom.pl/p/456733-klawiatura-przewodowa-acer-predator-aethon-500-gaming-keyboard.html
"Łączność: Przewodowa, Podświetlenie: Wielokolorowe, Strefowe - każda strefa w innym kolorze, Przełączniki: Przełączniki membranowe, Interfejs: USB","https://cdn.x-kom.pl/i/setup/images/prod/big/product-medium,a4tech-bloody-b180-rgb-446054,2018/9/pr_2018_9_20_9_44_35_458_02.jpg","[{'url': 'https://cdn.x-kom.pl/i/setup/images/prod/big/product-medium,a4tech-bloody-b180-rgb-446054,2018/9/pr_2018_9_20_9_44_35_458_02.jpg', 'path': 'full/e713d2c43b8ccbebd5a4c9c91f9a26e91495a8a1.jpg', 'checksum': '6c59dd2a7c079c5e94e9c7faa4fc5446'}]",Klawiatura  przewodowa A4Tech Bloody B180 RGB,,"129,00 zł","Ocena 6,00",https:/www.x-kom.pl/p/446054-klawiatura-przewodowa-a4tech-bloody-b180-rgb.html
"Typ: Dla graczy, Mechaniczna, Łączność: Przewodowa, Podświetlenie: Zielone, Regulowana jasność, Przełączniki: Przełączniki optyczne","https://cdn.x-kom.pl/i/setup/images/prod/big/product-medium,a4tech-bloody-b800-mechaniczna-405005,2018/1/pr_2018_1_25_8_25_45_368_00.jpg","[{'url': 'https://cdn.x-kom.pl/i/setup/images/prod/big/product-medium,a4tech-bloody-b800-mechaniczna-405005,2018/1/pr_2018_1_25_8_25_45_368_00.jpg', 'path': 'full/174c6211f30207b012612d5deb112ada3d06f796.jpg', 'checksum': 'f2eee5ea041069faf0c81e33394cb643'}]",Klawiatura  przewodowa A4Tech BLOODY B800 (Mechaniczna),,"199,00 zł","Ocena 5,50",https:/www.x-kom.pl/p/405005-klawiatura-przewodowa-a4tech-bloody-b800-mechaniczna.html
"Typ: Dla graczy, Multimedialna, Łączność: Przewodowa, Podświetlenie: Czerwone, Niebieskie, Interfejs: USB","https://cdn.x-kom.pl/i/setup/images/prod/big/product-medium,asus-cerberus-led-mkii-355905,2017/7/pr_2017_7_19_8_56_33_662.jpg","[{'url': 'https://cdn.x-kom.pl/i/setup/images/prod/big/product-medium,asus-cerberus-led-mkii-355905,2017/7/pr_2017_7_19_8_56_33_662.jpg', 'path': 'full/c0fcd4a0980adbf020195c322628014a3fa53b06.jpg', 'checksum': '0aaedddfd557d5ca81c32eb6e3aa943c'}]",Klawiatura  przewodowa ASUS Cerberus LED MKII,,,Ten produkt czeka na Twoją opinię,https:/www.x-kom.pl/p/355905-klawiatura-przewodowa-asus-cerberus-led-mkii.html
"Typ: Dla graczy, Mechaniczna, Łączność: Przewodowa, Podświetlenie: Wielokolorowe, Regulowana jasność, Przełączniki: Przełączniki mechaniczne - Outemu Blue","https://cdn.x-kom.pl/i/setup/images/prod/big/product-medium,redragon-kb-manyu-465893,2018/12/pr_2018_12_6_8_26_49_821_00.jpg","[{'url': 'https://cdn.x-kom.pl/i/setup/images/prod/big/product-medium,redragon-kb-manyu-465893,2018/12/pr_2018_12_6_8_26_49_821_00.jpg', 'path': 'full/781fac32996f8bf0b0b134d10ba73dfceb69f93d.jpg', 'checksum': '7e34d20f234c4e134a1968540980d6c8'}]",Klawiatura  przewodowa Redragon KB MANYU,,"229,00 zł",Ten produkt czeka na Twoją opinię,https:/www.x-kom.pl/p/465893-klawiatura-przewodowa-redragon-kb-manyu.html
"Typ: Dla graczy, Mechaniczna, Łączność: Przewodowa, Podświetlenie: Trzy kolory, Punktowe - każdy klawisz w innym kolorze, Regulowana jasność, Przełączniki: Przełączniki mechaniczne - Outemu Brown","https://cdn.x-kom.pl/i/setup/images/prod/big/product-medium,redragon-kb-revarajas-462009,2018/12/pr_2018_12_17_10_33_44_958_01.jpg","[{'url': 'https://cdn.x-kom.pl/i/setup/images/prod/big/product-medium,redragon-kb-revarajas-462009,2018/12/pr_2018_12_17_10_33_44_958_01.jpg', 'path': 'full/74cb7fa4e38c8b7290d53c5ea3458e3945950491.jpg', 'checksum': '0986c853b543fe3afd5db105de76c31b'}]",Klawiatura  przewodowa Redragon KB REVARAJAS,,"269,00 zł",Ten produkt czeka na Twoją opinię,https:/www.x-kom.pl/p/462009-klawiatura-przewodowa-redragon-kb-revarajas.html
"Typ: Dla graczy, Mechaniczna, Łączność: Przewodowa, Podświetlenie: Wielokolorowe, Regulowana jasność, Liczba klawiszy: 104","https://cdn.x-kom.pl/i/setup/images/prod/big/product-medium,redragon-kb-revarajas-461993,2018/12/pr_2018_12_4_14_4_52_518_00.jpg","[{'url': 'https://cdn.x-kom.pl/i/setup/images/prod/big/product-medium,redragon-kb-revarajas-461993,2018/12/pr_2018_12_4_14_4_52_518_00.jpg', 'path': 'full/b0523de608d536b9513c32e8353801063e9599f0.jpg', 'checksum': 'e1668f53b45bcaee51865a0fc563131e'}]",Klawiatura  przewodowa Redragon KB REVARAJAS,,"269,00 zł",Ten produkt czeka na Twoją opinię,https:/www.x-kom.pl/p/461993-klawiatura-przewodowa-redragon-kb-revarajas.html
"Typ: Dla graczy, Łączność: Przewodowa, Podświetlenie: Wielokolorowe, Interfejs: USB","https://cdn.x-kom.pl/i/setup/images/prod/big/product-medium,speedlink-orios-metal-rgb-459088,2018/10/pr_2018_10_26_13_49_19_452_00.jpg","[{'url': 'https://cdn.x-kom.pl/i/setup/images/prod/big/product-medium,speedlink-orios-metal-rgb-459088,2018/10/pr_2018_10_26_13_49_19_452_00.jpg', 'path': 'full/3fb409340bd20096e9b234a80e6190cb6801698b.jpg', 'checksum': 'a23289cd5b0b24f1308c3a943ccfdf7e'}]",Klawiatura  przewodowa SpeedLink Orios Metal RGB,,"99,00 zł",Ten produkt czeka na Twoją opinię,https:/www.x-kom.pl/p/459088-klawiatura-przewodowa-speedlink-orios-metal-rgb.html
"Typ: Dla graczy, Optyczno-mechaniczna, Łączność: Przewodowa, Podświetlenie: Wielokolorowe, Punktowe - każdy klawisz w innym kolorze, Przełączniki: Przełączniki optyczno-mechaniczne","https://cdn.x-kom.pl/i/setup/images/prod/big/product-medium,hp-omen-sequencer-keyboard-452611,2018/9/pr_2018_9_28_16_44_29_982_00.jpg","[{'url': 'https://cdn.x-kom.pl/i/setup/images/prod/big/product-medium,hp-omen-sequencer-keyboard-452611,2018/9/pr_2018_9_28_16_44_29_982_00.jpg', 'path': 'full/a5786f2e6e3193eded1ddc933088cb9f80cccdae.jpg', 'checksum': '4ed5bdb72ceec9236804716b1289b8ef'}]",Klawiatura  przewodowa HP Omen Sequencer Keyboard ,,"799,00 zł","Ocena 6,00",https:/www.x-kom.pl/p/452611-klawiatura-przewodowa-hp-omen-sequencer-keyboard.html
"Typ: Dla graczy, Mechaniczna, Łączność: Przewodowa, Podświetlenie: Wielokolorowe, Regulowana jasność, Przełączniki: Przełączniki optyczne","https://cdn.x-kom.pl/i/setup/images/prod/big/product-medium,a4tech-bloody-b975-lk-libra-orange-404990,2018/1/pr_2018_1_25_9_8_59_547_00.jpg","[{'url': 'https://cdn.x-kom.pl/i/setup/images/prod/big/product-medium,a4tech-bloody-b975-lk-libra-orange-404990,2018/1/pr_2018_1_25_9_8_59_547_00.jpg', 'path': 'full/277f2d691f3981a76421c10fa68dd7a4efd42a37.jpg', 'checksum': '35be21df8fd89c768c2a06a007dfb7fa'}]",Klawiatura  przewodowa A4Tech Bloody B975 (LK LIBRA ORANGE),,"289,00 zł","Ocena 6,00",https:/www.x-kom.pl/p/404990-klawiatura-przewodowa-a4tech-bloody-b975-lk-libra-orange.html
"Typ: Dla graczy, Mechaniczna, Łączność: Przewodowa, Podświetlenie: Punktowe - każdy klawisz w innym kolorze, Regulowana jasność, Przełączniki: Przełączniki mechaniczne - Cherry MX Blue","https://cdn.x-kom.pl/i/setup/images/prod/big/product-medium,hyperx-alloy-elite-rgb-cherry-mx-blue-404764,2018/1/pr_2018_1_24_7_6_55_385_05.jpg","[{'url': 'https://cdn.x-kom.pl/i/setup/images/prod/big/product-medium,hyperx-alloy-elite-rgb-cherry-mx-blue-404764,2018/1/pr_2018_1_24_7_6_55_385_05.jpg', 'path': 'full/41c8508712a0bdbf9f5d8d795adfab53116a4274.jpg', 'checksum': 'ad59da1f28a1ab896f9412f5af14f112'}]",Klawiatura  przewodowa HyperX Alloy Elite RGB Cherry MX Blue,,"549,00 zł","Ocena 6,00",https:/www.x-kom.pl/p/404764-klawiatura-przewodowa-hyperx-alloy-elite-rgb-cherry-mx-blue.html
"Typ: Dla graczy, Multimedialna, Łączność: Przewodowa, Podświetlenie: Niebieskie, Regulowana jasność, Przełączniki: Przełączniki membranowe","https://cdn.x-kom.pl/i/setup/images/prod/big/product-medium,roccat-horde-membrane-20-gaming-czarna-399630,2018/1/pr_2018_1_4_9_37_2_415_00.jpg","[{'url': 'https://cdn.x-kom.pl/i/setup/images/prod/big/product-medium,roccat-horde-membrane-20-gaming-czarna-399630,2018/1/pr_2018_1_4_9_37_2_415_00.jpg', 'path': 'full/a1786ace8fd447f4e6797d9dfbe3e5b700209223.jpg', 'checksum': '96a1fca2a1d37235a901b1d6c969494e'}]",Klawiatura  przewodowa Roccat Horde - Membrane 2.0 Gaming (Czarna),,"319,00 zł",Ten produkt czeka na Twoją opinię,https:/www.x-kom.pl/p/399630-klawiatura-przewodowa-roccat-horde-membrane-20-gaming-czarna.html
"Typ: Mechaniczna, Łączność: Przewodowa, Podświetlenie: Czerwone, Przełączniki: Przełączniki mechaniczne - Greetech Blue","https://cdn.x-kom.pl/i/setup/images/prod/big/product-medium,hp-omen-1100-czarna-380163,2017/8/pr_2017_8_25_14_10_37_176_01.jpg","[{'url': 'https://cdn.x-kom.pl/i/setup/images/prod/big/product-medium,hp-omen-1100-czarna-380163,2017/8/pr_2017_8_25_14_10_37_176_01.jpg', 'path': 'full/6ea4929e3d7183e893ce09f1b04b1d57166d6546.jpg', 'checksum': 'c3e06fc68af4e7c981a6e4af03daa2d6'}]",Klawiatura  przewodowa HP Omen 1100 czarna,,"399,00 zł","Ocena 5,67",https:/www.x-kom.pl/p/380163-klawiatura-przewodowa-hp-omen-1100-czarna.html
"Typ: Dla graczy, Mechaniczna, Łączność: Przewodowa, Podświetlenie: Czerwone, Przełączniki: Przełączniki mechaniczne - Cherry MX Red","https://cdn.x-kom.pl/i/setup/images/prod/big/product-medium,corsair-k63-compact-red-led-cherry-mx-red-356032,2017/7/pr_2017_7_18_9_38_30_583.jpg","[{'url': 'https://cdn.x-kom.pl/i/setup/images/prod/big/product-medium,corsair-k63-compact-red-led-cherry-mx-red-356032,2017/7/pr_2017_7_18_9_38_30_583.jpg', 'path': 'full/c4b7cfe2a590af00c132e0472bfeed1b758859db.jpg', 'checksum': '8e58bf6b7da2783788fe5c2a757e7d41'}]","Klawiatura  przewodowa Corsair K63 Compact (Red LED, Cherry MX Red)",,"399,00 zł","Ocena 5,43",https:/www.x-kom.pl/p/356032-klawiatura-przewodowa-corsair-k63-compact-red-led-cherry-mx-red.html
"Typ: Dla graczy, Mechaniczna, Łączność: Przewodowa, Podświetlenie: Wielokolorowe, Przełączniki: Przełączniki mechaniczne - Outemu Red","https://cdn.x-kom.pl/i/setup/images/prod/big/product-medium,modecom-volcano-hammer-rgb-473961,2019/1/pr_2019_1_17_12_0_49_129_08.jpg","[{'url': 'https://cdn.x-kom.pl/i/setup/images/prod/big/product-medium,modecom-volcano-hammer-rgb-473961,2019/1/pr_2019_1_17_12_0_49_129_08.jpg', 'path': 'full/9c994ccb37a9b2ddb5f98edd31ff639e6611b72f.jpg', 'checksum': 'c990bbcdef6aeef44f3c6faca46aa60b'}]",Klawiatura  przewodowa MODECOM Volcano Hammer RGB ,,"209,00 zł",Ten produkt czeka na Twoją opinię,https:/www.x-kom.pl/p/473961-klawiatura-przewodowa-modecom-volcano-hammer-rgb.html
"Typ: Dla graczy, Łączność: Przewodowa, Podświetlenie: Trzy kolory, Przełączniki: Przełączniki membranowe","https://cdn.x-kom.pl/i/setup/images/prod/big/product-medium,lenovo-legion-k200-backlit-gaming-keyboard-473129,2019/1/pr_2019_1_15_8_45_54_946_00.jpg","[{'url': 'https://cdn.x-kom.pl/i/setup/images/prod/big/product-medium,lenovo-legion-k200-backlit-gaming-keyboard-473129,2019/1/pr_2019_1_15_8_45_54_946_00.jpg', 'path': 'full/d3e12ed6aa609dfe0a3db0f36b7e0327581fee6e.jpg', 'checksum': '72781cab313c4b820d9d414c53c60ba9'}]",Klawiatura  przewodowa Lenovo Legion K200 Backlit Gaming Keyboard,,"149,00 zł",Ten produkt czeka na Twoją opinię,https:/www.x-kom.pl/p/473129-klawiatura-przewodowa-lenovo-legion-k200-backlit-gaming-keyboard.html
"Typ: Dla graczy, Mechaniczna, Łączność: Przewodowa, Podświetlenie: Wielokolorowe, Punktowe - każdy klawisz w innym kolorze, Interfejs: USB","https://cdn.x-kom.pl/i/setup/images/prod/big/product-medium,asus-rog-strix-flare-call-of-duty-edition-462535,2018/12/pr_2018_12_7_7_51_50_513_00.jpg","[{'url': 'https://cdn.x-kom.pl/i/setup/images/prod/big/product-medium,asus-rog-strix-flare-call-of-duty-edition-462535,2018/12/pr_2018_12_7_7_51_50_513_00.jpg', 'path': 'full/27513d1a8078d0292e9b8d136ba5b4e906b12765.jpg', 'checksum': '664b22ae7260369e2f062265788a8d80'}]",Klawiatura  przewodowa ASUS ROG Strix Flare Call of Duty Edition,,"749,00 zł",Ten produkt czeka na Twoją opinię,https:/www.x-kom.pl/p/462535-klawiatura-przewodowa-asus-rog-strix-flare-call-of-duty-edition.html
"Typ: Dla graczy, Łączność: Przewodowa, Podświetlenie: Zielone, Interfejs: USB","https://cdn.x-kom.pl/i/setup/images/prod/big/product-medium,hp-pavilion-gaming-keyboard-500-452610,2018/10/pr_2018_10_3_9_38_26_471_00.jpg","[{'url': 'https://cdn.x-kom.pl/i/setup/images/prod/big/product-medium,hp-pavilion-gaming-keyboard-500-452610,2018/10/pr_2018_10_3_9_38_26_471_00.jpg', 'path': 'full/1cb9b45664950113668c48d4c9c85fb04eec890b.jpg', 'checksum': 'c1492f8228691692fd17ac7b6a43fec7'}]",Klawiatura  przewodowa HP Pavilion Gaming Keyboard 500 ,,"249,00 zł",Ten produkt czeka na Twoją opinię,https:/www.x-kom.pl/p/452610-klawiatura-przewodowa-hp-pavilion-gaming-keyboard-500.html
"Typ: Mechaniczna, Łączność: Przewodowa, Podświetlenie: Wielokolorowe, Punktowe - każdy klawisz w innym kolorze, Strefowe - każda strefa w innym kolorze, Regulowana jasność, Przełączniki: Przełączniki mechaniczne - Outemu Red","https://cdn.x-kom.pl/i/setup/images/prod/big/product-medium,trust-gxt-890-cada-rgb-mechanical-keyboard-449719,2018/9/pr_2018_9_20_14_40_59_524_00.jpg","[{'url': 'https://cdn.x-kom.pl/i/setup/images/prod/big/product-medium,trust-gxt-890-cada-rgb-mechanical-keyboard-449719,2018/9/pr_2018_9_20_14_40_59_524_00.jpg', 'path': 'full/427a640e5db84458a9388315cdfe57b88ec7c45e.jpg', 'checksum': 'c424fff53dd4aa54f106c43b596e80ca'}]",Klawiatura  przewodowa Trust GXT 890 Cada RGB Mechanical Keyboard,,"259,00 zł",Ten produkt czeka na Twoją opinię,https:/www.x-kom.pl/p/449719-klawiatura-przewodowa-trust-gxt-890-cada-rgb-mechanical-keyboard.html
"Typ: Mechaniczna, Łączność: Przewodowa, Podświetlenie: Wielokolorowe, Regulowana jasność, Liczba klawiszy: 104","https://cdn.x-kom.pl/i/setup/images/prod/big/product-medium,trust-gxt-865-asta-mechanical-keyboard-449714,2018/9/pr_2018_9_20_14_53_50_708_00.jpg","[{'url': 'https://cdn.x-kom.pl/i/setup/images/prod/big/product-medium,trust-gxt-865-asta-mechanical-keyboard-449714,2018/9/pr_2018_9_20_14_53_50_708_00.jpg', 'path': 'full/1ce716bf3c557f62f74a26386815d7dc7a1d07e1.jpg', 'checksum': '08b83dc289354ef4ea8dd2cb9fea9204'}]",Klawiatura  przewodowa Trust GXT 865 Asta Mechanical Keyboard,,"199,00 zł",Ten produkt czeka na Twoją opinię,https:/www.x-kom.pl/p/449714-klawiatura-przewodowa-trust-gxt-865-asta-mechanical-keyboard.html
"Typ: Dla graczy, Multimedialna, Łączność: Przewodowa, Podświetlenie: Wielokolorowe, Strefowe - każda strefa w innym kolorze, Interfejs: USB","https://cdn.x-kom.pl/i/setup/images/prod/big/product-medium,roccat-horde-aimo-membranical-rgb-gaming-biala-409400,2018/2/pr_2018_2_16_10_32_51_485_00.jpg","[{'url': 'https://cdn.x-kom.pl/i/setup/images/prod/big/product-medium,roccat-horde-aimo-membranical-rgb-gaming-biala-409400,2018/2/pr_2018_2_16_10_32_51_485_00.jpg', 'path': 'full/83bc44931532ca8d8f012dc2c3e8d2b2fc5004fc.jpg', 'checksum': '0791016f5e8a08c33e01434d25b5fd00'}]",Klawiatura  przewodowa Roccat Horde AIMO - Membranical RGB Gaming (Biała) ,,"379,00 zł",Ten produkt czeka na Twoją opinię,https:/www.x-kom.pl/p/409400-klawiatura-przewodowa-roccat-horde-aimo-membranical-rgb-gaming-biala.html
"Typ: Dla graczy, Mechaniczna, Łączność: Przewodowa, Podświetlenie: Wielokolorowe, Regulowana jasność, Przełączniki: Przełączniki optyczne","https://cdn.x-kom.pl/i/setup/images/prod/big/product-medium,a4tech-bloody-b930-lk-libra-orange-404992,2018/1/pr_2018_1_25_9_15_29_646_00.jpg","[{'url': 'https://cdn.x-kom.pl/i/setup/images/prod/big/product-medium,a4tech-bloody-b930-lk-libra-orange-404992,2018/1/pr_2018_1_25_9_15_29_646_00.jpg', 'path': 'full/2d8504598e22658a1b7c083af19e6398e95fb5ec.jpg', 'checksum': '43c663d2f50f78bb929d684b001640d2'}]",Klawiatura  przewodowa A4Tech Bloody B930 (LK LIBRA ORANGE),,"269,00 zł","Ocena 6,00",https:/www.x-kom.pl/p/404992-klawiatura-przewodowa-a4tech-bloody-b930-lk-libra-orange.html
"Typ: Dla graczy, Mechaniczna, Łączność: Przewodowa, Podświetlenie: Czerwone, Przełączniki: Przełączniki mechaniczne - Kailh Blue","https://cdn.x-kom.pl/i/setup/images/prod/big/product-medium,modecom-volcano-blade-kailh-blue-402415,2018/1/pr_2018_1_15_9_23_53_903_00.jpg","[{'url': 'https://cdn.x-kom.pl/i/setup/images/prod/big/product-medium,modecom-volcano-blade-kailh-blue-402415,2018/1/pr_2018_1_15_9_23_53_903_00.jpg', 'path': 'full/a556ef12e5aa39e2b3320668cf5f079681e0d691.jpg', 'checksum': 'e83a8cbd6325f6aca3ef55ca7a78d21f'}]",Klawiatura  przewodowa MODECOM Volcano Blade (Kailh Blue),,"299,00 zł","Ocena 5,00",https:/www.x-kom.pl/p/402415-klawiatura-przewodowa-modecom-volcano-blade-kailh-blue.html
"Typ: Dla graczy, Multimedialna, Łączność: Przewodowa, Podświetlenie: Wielokolorowe, Strefowe - każda strefa w innym kolorze, Interfejs: USB","https://cdn.x-kom.pl/i/setup/images/prod/big/product-medium,roccat-horde-aimo-membranical-rgb-gaming-szara-399633,2017/12/pr_2017_12_27_12_43_0_826_00.jpg","[{'url': 'https://cdn.x-kom.pl/i/setup/images/prod/big/product-medium,roccat-horde-aimo-membranical-rgb-gaming-szara-399633,2017/12/pr_2017_12_27_12_43_0_826_00.jpg', 'path': 'full/425329c99a5e5e2909cbe0941b3e9ad8eb90fc76.jpg', 'checksum': '76e5fc6dbecf8651176a2bdfd2f6e5f9'}]",Klawiatura  przewodowa Roccat Horde AIMO - Membranical RGB Gaming (Szara),,"379,00 zł","Ocena 6,00",https:/www.x-kom.pl/p/399633-klawiatura-przewodowa-roccat-horde-aimo-membranical-rgb-gaming-szara.html
"Typ: Dla graczy, Multimedialna, Łączność: Przewodowa, Podświetlenie: Niebieskie, Regulowana jasność, Przełączniki: Przełączniki membranowe","https://cdn.x-kom.pl/i/setup/images/prod/big/product-medium,roccat-horde-membrane-20-gaming-szara-399631,2018/1/pr_2018_1_4_9_36_58_805_00.jpg","[{'url': 'https://cdn.x-kom.pl/i/setup/images/prod/big/product-medium,roccat-horde-membrane-20-gaming-szara-399631,2018/1/pr_2018_1_4_9_36_58_805_00.jpg', 'path': 'full/e9d82349abac1d3ad83416e80faf66e97b29bda1.jpg', 'checksum': '49a771c42a8ad5d13b3d6538ba3994eb'}]",Klawiatura  przewodowa Roccat Horde - Membrane 2.0 Gaming (Szara),,"319,00 zł",Ten produkt czeka na Twoją opinię,https:/www.x-kom.pl/p/399631-klawiatura-przewodowa-roccat-horde-membrane-20-gaming-szara.html
Typ: Nakładki na klawisze do gier typu FPS i MOBA,"https://cdn.x-kom.pl/i/setup/images/prod/big/product-medium,hyperx-nakladki-na-klawisze-do-fps-i-moba-czerwony-389841,2017/10/pr_2017_10_25_15_23_51_869_02.jpg","[{'url': 'https://cdn.x-kom.pl/i/setup/images/prod/big/product-medium,hyperx-nakladki-na-klawisze-do-fps-i-moba-czerwony-389841,2017/10/pr_2017_10_25_15_23_51_869_02.jpg', 'path': 'full/8da0dc1322860f9bb4850a737c7254afeaecf1f1.jpg', 'checksum': 'f556059f205a0030bc23132852090985'}]",Klawiatura  przewodowa HyperX Nakładki na klawisze do FPS i MOBA (czerwony),,"95,00 zł",Ten produkt czeka na Twoją opinię,https:/www.x-kom.pl/p/389841-klawiatura-przewodowa-hyperx-nakladki-na-klawisze-do-fps-i-moba-czerwony.html
"Typ: Dla graczy, Mechaniczna, Łączność: Przewodowa, Podświetlenie: Strefowe - każda strefa w innym kolorze, Przełączniki: Przełączniki mechaniczne - Kaihua RGB","https://cdn.x-kom.pl/i/setup/images/prod/big/product-medium,asus-cerberus-mechanical-keyboard-rgb-373595,2017/7/pr_2017_7_14_13_55_8_642.jpg","[{'url': 'https://cdn.x-kom.pl/i/setup/images/prod/big/product-medium,asus-cerberus-mechanical-keyboard-rgb-373595,2017/7/pr_2017_7_14_13_55_8_642.jpg', 'path': 'full/dddb6d0b1216f900da0a28a00a359fd30a778bcc.jpg', 'checksum': '13a39f84b2ae1f30f329f0f35c983cb7'}]",Klawiatura  przewodowa ASUS Cerberus Mechanical Keyboard (RGB),,"599,00 zł",Ten produkt czeka na Twoją opinię,https:/www.x-kom.pl/p/373595-klawiatura-przewodowa-asus-cerberus-mechanical-keyboard-rgb.html
"Typ: Dla graczy, Łączność: Przewodowa, Podświetlenie: Wielokolorowe, Strefowe - każda strefa w innym kolorze, Interfejs: USB, Bluetooth","https://cdn.x-kom.pl/i/setup/images/prod/big/product-medium,roccat-skeltr-gaming-rgb-szara-362363,2017/7/pr_2017_7_18_15_26_8_504.jpg","[{'url': 'https://cdn.x-kom.pl/i/setup/images/prod/big/product-medium,roccat-skeltr-gaming-rgb-szara-362363,2017/7/pr_2017_7_18_15_26_8_504.jpg', 'path': 'full/bcc49e5d6d50e7792f1c7f9d8675efe2f3f0cde4.jpg', 'checksum': 'd48747c36144699b0d6e9a412453786a'}]",Klawiatura  przewodowa Roccat Skeltr Gaming RGB (Szara),,,"Ocena 3,74",https:/www.x-kom.pl/p/362363-klawiatura-przewodowa-roccat-skeltr-gaming-rgb-szara.html
"Typ: Dla graczy, Łączność: Przewodowa, Podświetlenie: Wielokolorowe, Strefowe - każda strefa w innym kolorze, Interfejs: USB","https://cdn.x-kom.pl/i/setup/images/prod/big/product-medium,corsair-k55-gaming-rgb-342649,2017/7/pr_2017_7_18_9_32_50_373.jpg","[{'url': 'https://cdn.x-kom.pl/i/setup/images/prod/big/product-medium,corsair-k55-gaming-rgb-342649,2017/7/pr_2017_7_18_9_32_50_373.jpg', 'path': 'full/42451159cec0dc7f6d5b8c2dd792edf8840f7185.jpg', 'checksum': '94042f104476d77f34a345600e2b0b57'}]",Klawiatura  przewodowa Corsair K55 Gaming (RGB) ,,"299,00 zł","Ocena 5,63",https:/www.x-kom.pl/p/342649-klawiatura-przewodowa-corsair-k55-gaming-rgb.html
"Typ: Dla graczy, Mechaniczna, Łączność: Przewodowa, Podświetlenie: Wielokolorowe, Przełączniki: Przełączniki mechaniczne - Cherry MX RGB","https://cdn.x-kom.pl/i/setup/images/prod/big/product-medium,corsair-k65-rapidfire-cherry-mx-speed-rgb-336051,2017/7/pr_2017_7_18_9_52_51_325.jpg","[{'url': 'https://cdn.x-kom.pl/i/setup/images/prod/big/product-medium,corsair-k65-rapidfire-cherry-mx-speed-rgb-336051,2017/7/pr_2017_7_18_9_52_51_325.jpg', 'path': 'full/515d5da184a63bd5f58808474ef01c1617533068.jpg', 'checksum': 'a68237aefe870f230b7df5378f027cbc'}]","Klawiatura  przewodowa Corsair K65 RAPIDFIRE (Cherry MX Speed, RGB) ",,"699,00 zł","Ocena 5,75",https:/www.x-kom.pl/p/336051-klawiatura-przewodowa-corsair-k65-rapidfire-cherry-mx-speed-rgb.html
"Typ: Dla graczy, Mechaniczna, Łączność: Przewodowa, Podświetlenie: Czerwone, Przełączniki: Przełączniki mechaniczne - Cherry MX Brown","https://cdn.x-kom.pl/i/setup/images/prod/big/product-medium,corsair-k70-lux-cherry-mx-brown-red-led-326881,2017/7/pr_2017_7_18_10_28_58_144.jpg","[{'url': 'https://cdn.x-kom.pl/i/setup/images/prod/big/product-medium,corsair-k70-lux-cherry-mx-brown-red-led-326881,2017/7/pr_2017_7_18_10_28_58_144.jpg', 'path': 'full/5aa261b80a4ab012b2ce0f930b3c929db55286d4.jpg', 'checksum': '3da24f1869697b49e2e6ab65e37f5aa2'}]","Klawiatura  przewodowa Corsair K70 LUX (Cherry MX Brown, Red LED) ",,"599,00 zł","Ocena 6,00",https:/www.x-kom.pl/p/326881-klawiatura-przewodowa-corsair-k70-lux-cherry-mx-brown-red-led.html
"Typ: Dla graczy, Mechaniczna, Łączność: Przewodowa, Podświetlenie: Czerwone, Przełączniki: Przełączniki mechaniczne - Cherry MX Speed","https://cdn.x-kom.pl/i/setup/images/prod/big/product-medium,corsair-k70-rapidfire-cherry-mx-speed-red-led-321266,2017/7/pr_2017_7_18_11_18_56_451.jpg","[{'url': 'https://cdn.x-kom.pl/i/setup/images/prod/big/product-medium,corsair-k70-rapidfire-cherry-mx-speed-red-led-321266,2017/7/pr_2017_7_18_11_18_56_451.jpg', 'path': 'full/46da223bec53b65c63d8c65510af3ccf3609df6e.jpg', 'checksum': '9d236cdd78cd61c46593cf319cee0e0f'}]","Klawiatura  przewodowa Corsair K70 Rapidfire (Cherry MX Speed, Red LED)",,,Ten produkt czeka na Twoją opinię,https:/www.x-kom.pl/p/321266-klawiatura-przewodowa-corsair-k70-rapidfire-cherry-mx-speed-red-led.html
"Typ: Dla graczy, Numeryczna, Łączność: Przewodowa, Podświetlenie: Wielokolorowe, Punktowe - każdy klawisz w innym kolorze, Interfejs: USB","https://cdn.x-kom.pl/i/setup/images/prod/big/product-medium,razer-orbweaver-chroma-267661,2017/7/pr_2017_7_18_15_17_9_302.jpg","[{'url': 'https://cdn.x-kom.pl/i/setup/images/prod/big/product-medium,razer-orbweaver-chroma-267661,2017/7/pr_2017_7_18_15_17_9_302.jpg', 'path': 'full/81146fc911d8aeecd9def4046314aff4bc82cacf.jpg', 'checksum': '13ae95aefbe93b1d804a0ab44429e431'}]",Klawiatura  przewodowa Razer Orbweaver Chroma,,"599,00 zł","Ocena 4,86",https:/www.x-kom.pl/p/267661-klawiatura-przewodowa-razer-orbweaver-chroma.html
"Typ: Dla graczy, Mechaniczna, Łączność: Przewodowa, Podświetlenie: Wielokolorowe, Strefowe - każda strefa w innym kolorze, Przełączniki: KRGD Brown","https://cdn.x-kom.pl/i/setup/images/prod/big/product-medium,ibox-aurora-k-3-krgd-brown-482453,2019/2/pr_2019_2_26_11_54_6_642_00.jpg","[{'url': 'https://cdn.x-kom.pl/i/setup/images/prod/big/product-medium,ibox-aurora-k-3-krgd-brown-482453,2019/2/pr_2019_2_26_11_54_6_642_00.jpg', 'path': 'full/048b6d4c5d43ac1a7888f1ce13afcddb81753181.jpg', 'checksum': '5fe478c07ceda918a7529daa9ac244ff'}]",Klawiatura  przewodowa iBOX Aurora K-3 (KRGD Brown),,,Ten produkt czeka na Twoją opinię,https:/www.x-kom.pl/p/482453-klawiatura-przewodowa-ibox-aurora-k-3-krgd-brown.html
"Typ: Dla graczy, Mechaniczna, Łączność: Przewodowa, Podświetlenie: Wielokolorowe, Przełączniki: Przełączniki mechaniczne - Roccat Titan","https://cdn.x-kom.pl/i/setup/images/prod/big/product-medium,roccat-vulcan-100-478785,2019/2/pr_2019_2_18_9_5_21_552_05.jpg","[{'url': 'https://cdn.x-kom.pl/i/setup/images/prod/big/product-medium,roccat-vulcan-100-478785,2019/2/pr_2019_2_18_9_5_21_552_05.jpg', 'path': 'full/64265741beb9c67dc277ef17708734bed0dd9c88.jpg', 'checksum': '8c56f930f8eace3ed2d96478e6f18151'}]",Klawiatura  przewodowa Roccat Vulcan 100,,"599,00 zł",Ten produkt czeka na Twoją opinię,https:/www.x-kom.pl/p/478785-klawiatura-przewodowa-roccat-vulcan-100.html
"Typ: Dla graczy, Membranowa, Łączność: Przewodowa, Podświetlenie: Wielokolorowe, Strefowe - każda strefa w innym kolorze, Przełączniki: Przełączniki membranowe","https://cdn.x-kom.pl/i/setup/images/prod/big/product-medium,msi-vigor-gk40-478219,2019/2/pr_2019_2_20_11_20_4_968_00.jpg","[{'url': 'https://cdn.x-kom.pl/i/setup/images/prod/big/product-medium,msi-vigor-gk40-478219,2019/2/pr_2019_2_20_11_20_4_968_00.jpg', 'path': 'full/384f96e2a10a6d357d0c1691ac52a093957206bf.jpg', 'checksum': 'ad1814d7d9f834abb2648cdf555d5d30'}]",Klawiatura  przewodowa MSI Vigor GK40 ,,"249,00 zł",Ten produkt czeka na Twoją opinię,https:/www.x-kom.pl/p/478219-klawiatura-przewodowa-msi-vigor-gk40.html
"Typ: Dla graczy, Mechaniczna, Łączność: Przewodowa, Podświetlenie: Wielokolorowe, Regulowana jasność, Przełączniki: Przełączniki optyczne","https://cdn.x-kom.pl/i/setup/images/prod/big/product-medium,a4tech-bloody-b760-rainbow-478150,2019/3/pr_2019_3_5_8_48_1_771_02.jpg","[{'url': 'https://cdn.x-kom.pl/i/setup/images/prod/big/product-medium,a4tech-bloody-b760-rainbow-478150,2019/3/pr_2019_3_5_8_48_1_771_02.jpg', 'path': 'full/e7b78ecd64676b9826676fcd77809cb45c021605.jpg', 'checksum': '0c0e6f4a34edf0a13bc512cc57b32081'}]",Klawiatura  przewodowa A4Tech Bloody B760 Rainbow,,"199,00 zł",Ten produkt czeka na Twoją opinię,https:/www.x-kom.pl/p/478150-klawiatura-przewodowa-a4tech-bloody-b760-rainbow.html
"Typ: Dla graczy, Mechaniczno-membranowa, Łączność: Przewodowa, Podświetlenie: Wielokolorowe, Strefowe - każda strefa w innym kolorze, Interfejs: USB","https://cdn.x-kom.pl/i/setup/images/prod/big/product-medium,asus-tuf-k5-rgb-478120,2019/2/pr_2019_2_18_8_32_46_446_04.jpg","[{'url': 'https://cdn.x-kom.pl/i/setup/images/prod/big/product-medium,asus-tuf-k5-rgb-478120,2019/2/pr_2019_2_18_8_32_46_446_04.jpg', 'path': 'full/1e36758cfd3e83f17d3ccc28c67fabf60cbf3bf5.jpg', 'checksum': 'bb5a78cf1c8aea5fc49614cb141393df'}]",Klawiatura  przewodowa ASUS TUF K5 RGB,,"399,00 zł",Ten produkt czeka na Twoją opinię,https:/www.x-kom.pl/p/478120-klawiatura-przewodowa-asus-tuf-k5-rgb.html
"Typ: Dla graczy, Mechaniczna, Łączność: Przewodowa, Podświetlenie: Niebieskie, Przełączniki: Przełączniki membranowe - ROCCAT Titan Switch","https://cdn.x-kom.pl/i/setup/images/prod/big/product-medium,roccat-vulcan-80-474528,2019/1/pr_2019_1_24_12_52_28_58_00.jpg","[{'url': 'https://cdn.x-kom.pl/i/setup/images/prod/big/product-medium,roccat-vulcan-80-474528,2019/1/pr_2019_1_24_12_52_28_58_00.jpg', 'path': 'full/360c2c9acf3ba53aad64d0030cafa0a0e60e9aac.jpg', 'checksum': '18cda79f794d9cb3a530521ad28263e4'}]",Klawiatura  przewodowa Roccat Vulcan 80,,"529,00 zł",Ten produkt czeka na Twoją opinię,https:/www.x-kom.pl/p/474528-klawiatura-przewodowa-roccat-vulcan-80.html
"Typ: Dla graczy, Mechaniczna, Łączność: Przewodowa, Podświetlenie: Wielokolorowe, Przełączniki: Przełączniki mechaniczne - Outemu Blue","https://cdn.x-kom.pl/i/setup/images/prod/big/product-medium,redragon-kb-vata-465894,2018/12/pr_2018_12_6_7_25_0_943_00.jpg","[{'url': 'https://cdn.x-kom.pl/i/setup/images/prod/big/product-medium,redragon-kb-vata-465894,2018/12/pr_2018_12_6_7_25_0_943_00.jpg', 'path': 'full/df83602629c20909ac21327001e61bb357eab888.jpg', 'checksum': 'dd312e9e25382e99c66dac71fe404edd'}]",Klawiatura  przewodowa Redragon KB VATA,,"239,00 zł","Ocena 6,00",https:/www.x-kom.pl/p/465894-klawiatura-przewodowa-redragon-kb-vata.html
"Typ: Dla graczy, Łączność: Przewodowa, Podświetlenie: Wielokolorowe, Regulowana jasność, Liczba klawiszy: 104","https://cdn.x-kom.pl/i/setup/images/prod/big/product-medium,redragon-kb-pratyusa-465890,2018/12/pr_2018_12_5_7_25_35_443_00.jpg","[{'url': 'https://cdn.x-kom.pl/i/setup/images/prod/big/product-medium,redragon-kb-pratyusa-465890,2018/12/pr_2018_12_5_7_25_35_443_00.jpg', 'path': 'full/539e8c4b505e168ce0ac7bfd9fe15c80041ca7e3.jpg', 'checksum': 'a738d24f6fd9e4815a385630d9f64542'}]",Klawiatura  przewodowa Redragon KB PRATYUSA,,"279,00 zł",Ten produkt czeka na Twoją opinię,https:/www.x-kom.pl/p/465890-klawiatura-przewodowa-redragon-kb-pratyusa.html
"Typ: Dla graczy, Łączność: Przewodowa, Podświetlenie: Wielokolorowe, Regulowana jasność, Liczba klawiszy: 104","https://cdn.x-kom.pl/i/setup/images/prod/big/product-medium,trust-gxt-860-thura-semi-mechanical-keyboard-449722,2018/9/pr_2018_9_20_14_25_15_86_00.jpg","[{'url': 'https://cdn.x-kom.pl/i/setup/images/prod/big/product-medium,trust-gxt-860-thura-semi-mechanical-keyboard-449722,2018/9/pr_2018_9_20_14_25_15_86_00.jpg', 'path': 'full/6a04bccef775cbeb4ea438b069aab9dae0c8af69.jpg', 'checksum': 'c45804285ded7a4bd24951267c0a6bc4'}]",Klawiatura  przewodowa Trust GXT 860 Thura Semi-mechanical Keyboard,,"249,00 zł",Ten produkt czeka na Twoją opinię,https:/www.x-kom.pl/p/449722-klawiatura-przewodowa-trust-gxt-860-thura-semi-mechanical-keyboard.html
"Typ: Mechaniczna, Łączność: Przewodowa, Podświetlenie: Wielokolorowe, Przełączniki: Przełączniki mechaniczne - Kailh Red","https://cdn.x-kom.pl/i/setup/images/prod/big/product-medium,lioncast-lk200-rgb-us-layout-421423,2018/4/pr_2018_4_10_13_26_7_457_00.jpg","[{'url': 'https://cdn.x-kom.pl/i/setup/images/prod/big/product-medium,lioncast-lk200-rgb-us-layout-421423,2018/4/pr_2018_4_10_13_26_7_457_00.jpg', 'path': 'full/93d1de6505598758aeaa99eeebd6db54e3bc9177.jpg', 'checksum': 'e5cd7801a4c7166328fc30d31e312ea7'}]","Klawiatura  przewodowa Lioncast LK200 (RGB, US Layout)",,"269,00 zł","Ocena 6,00",https:/www.x-kom.pl/p/421423-klawiatura-przewodowa-lioncast-lk200-rgb-us-layout.html
"Typ: Mechaniczno-membranowa, Łączność: Przewodowa, Podświetlenie: Wielokolorowe, Liczba klawiszy: 105","https://cdn.x-kom.pl/i/setup/images/prod/big/product-medium,xtrfy-k3-rgb-416654,2018/3/pr_2018_3_23_11_10_28_114_00.jpg","[{'url': 'https://cdn.x-kom.pl/i/setup/images/prod/big/product-medium,xtrfy-k3-rgb-416654,2018/3/pr_2018_3_23_11_10_28_114_00.jpg', 'path': 'full/9c1465090856f2820dfaeda0c322b0c9886c67e1.jpg', 'checksum': '1bb7057f5b037885b2433a2fa9abcc08'}]",Klawiatura  przewodowa Xtrfy K3 (RGB),,,"Ocena 6,00",https:/www.x-kom.pl/p/416654-klawiatura-przewodowa-xtrfy-k3-rgb.html
"Typ: Dla graczy, Mechaniczna, Łączność: Przewodowa, Podświetlenie: Wielokolorowe, Regulowana jasność, Przełączniki: Przełączniki optyczne","https://cdn.x-kom.pl/i/setup/images/prod/big/product-medium,a4tech-bloody-b810r-rgb-mechaniczna-405003,2018/1/pr_2018_1_25_8_29_36_20_00.jpg","[{'url': 'https://cdn.x-kom.pl/i/setup/images/prod/big/product-medium,a4tech-bloody-b810r-rgb-mechaniczna-405003,2018/1/pr_2018_1_25_8_29_36_20_00.jpg', 'path': 'full/dfb78d917744d9d7dbe5cdc962462da18aa3f1f5.jpg', 'checksum': '9a59f7bf367825673653190f0993b5d0'}]",Klawiatura  przewodowa A4Tech Bloody B810R RGB (Mechaniczna),,"249,00 zł",Ten produkt czeka na Twoją opinię,https:/www.x-kom.pl/p/405003-klawiatura-przewodowa-a4tech-bloody-b810r-rgb-mechaniczna.html
Typ: Nakładki na klawisze do gier typu FPS i MOBA,"https://cdn.x-kom.pl/i/setup/images/prod/big/product-medium,hyperx-nakladki-na-klawisze-do-fps-i-moba-tytanowy-389842,2017/10/pr_2017_10_25_15_19_58_957_00.jpg","[{'url': 'https://cdn.x-kom.pl/i/setup/images/prod/big/product-medium,hyperx-nakladki-na-klawisze-do-fps-i-moba-tytanowy-389842,2017/10/pr_2017_10_25_15_19_58_957_00.jpg', 'path': 'full/a99ba0b08675f8b938e62dad38a06b0c51c8f521.jpg', 'checksum': '9c53fc47c3fd15ca374cba276eec36d1'}]",Klawiatura  przewodowa HyperX Nakładki na klawisze do FPS i MOBA (tytanowy),,"95,00 zł","Ocena 6,00",https:/www.x-kom.pl/p/389842-klawiatura-przewodowa-hyperx-nakladki-na-klawisze-do-fps-i-moba-tytanowy.html
"Typ: Dla graczy, Multimedialna, Łączność: Przewodowa, Podświetlenie: Czerwone, Przełączniki: Przełączniki optyczne dla klawiszy Q/W/E/R/A/S/D/F","https://cdn.x-kom.pl/i/setup/images/prod/big/product-medium,a4tech-bloody-b2278-380433,2017/10/pr_2017_10_24_13_30_49_794_00.jpg","[{'url': 'https://cdn.x-kom.pl/i/setup/images/prod/big/product-medium,a4tech-bloody-b2278-380433,2017/10/pr_2017_10_24_13_30_49_794_00.jpg', 'path': 'full/4efc3d5a677b3cc35ac4d31852ffce6300097c52.jpg', 'checksum': '3631eda4a08638ead9bc62e2b1ab4afa'}]",Klawiatura  przewodowa A4Tech Bloody B2278,,"135,00 zł","Ocena 6,00",https:/www.x-kom.pl/p/380433-klawiatura-przewodowa-a4tech-bloody-b2278.html
"Typ: Dla graczy, Multimedialna, Łączność: Przewodowa, Podświetlenie: Czerwone, Regulowana jasność, Przełączniki: Przełączniki optyczne","https://cdn.x-kom.pl/i/setup/images/prod/big/product-medium,zowie-celeritas-ii-370914,2017/7/pr_2017_7_19_10_4_2_170.jpg","[{'url': 'https://cdn.x-kom.pl/i/setup/images/prod/big/product-medium,zowie-celeritas-ii-370914,2017/7/pr_2017_7_19_10_4_2_170.jpg', 'path': 'full/efb0323d4e35a755fa8389dadb3e2deaee006b2a.jpg', 'checksum': 'f6c68c5f6a40ee704f7293ec97aa3dd5'}]",Klawiatura  przewodowa Zowie Celeritas II,,"595,00 zł",Ten produkt czeka na Twoją opinię,https:/www.x-kom.pl/p/370914-klawiatura-przewodowa-zowie-celeritas-ii.html
"Typ: Dla graczy, Mechaniczna, Łączność: Przewodowa, Podświetlenie: Wielokolorowe, Strefowe - każda strefa w innym kolorze, Przełączniki: Przełączniki mechaniczne - TTC Brown","https://cdn.x-kom.pl/i/setup/images/prod/big/product-medium,roccat-suora-fx-rgb-illuminated-340286,2017/7/pr_2017_7_18_15_41_31_903.jpg","[{'url': 'https://cdn.x-kom.pl/i/setup/images/prod/big/product-medium,roccat-suora-fx-rgb-illuminated-340286,2017/7/pr_2017_7_18_15_41_31_903.jpg', 'path': 'full/85ffe0310f86f3097e32bf572c38853f91e76d2a.jpg', 'checksum': '917f13e1fe3c53691d59e6cb7d38cb23'}]",Klawiatura  przewodowa Roccat Suora FX RGB Illuminated,,"549,00 zł","Ocena 5,45",https:/www.x-kom.pl/p/340286-klawiatura-przewodowa-roccat-suora-fx-rgb-illuminated.html
"Typ: Dla graczy, Mechaniczna, Łączność: Przewodowa, Podświetlenie: Czerwone, Regulowana jasność, Przełączniki: Przełączniki mechaniczne - Cherry MX Blue","https://cdn.x-kom.pl/i/setup/images/prod/big/product-medium,hyperx-alloy-fps-cherry-mx-blue-330767,2017/7/pr_2017_7_18_13_10_24_504.jpg","[{'url': 'https://cdn.x-kom.pl/i/setup/images/prod/big/product-medium,hyperx-alloy-fps-cherry-mx-blue-330767,2017/7/pr_2017_7_18_13_10_24_504.jpg', 'path': 'full/103a39e15c99e71b8f2379ae316baf274c349f7c.jpg', 'checksum': '40cc19caca33ab977d933a9da739aa9b'}]",Klawiatura  przewodowa HyperX Alloy FPS Cherry MX Blue,,"399,00 zł","Ocena 5,31",https:/www.x-kom.pl/p/330767-klawiatura-przewodowa-hyperx-alloy-fps-cherry-mx-blue.html
"Typ: Dla graczy, Mechaniczna, Łączność: Przewodowa, Podświetlenie: Czerwone, Przełączniki: Przełączniki mechaniczne - Cherry MX Red","https://cdn.x-kom.pl/i/setup/images/prod/big/product-medium,corsair-k70-lux-cherry-mx-red-red-led-321264,2017/7/pr_2017_7_18_10_53_59_660.jpg","[{'url': 'https://cdn.x-kom.pl/i/setup/images/prod/big/product-medium,corsair-k70-lux-cherry-mx-red-red-led-321264,2017/7/pr_2017_7_18_10_53_59_660.jpg', 'path': 'full/98f2de6fe0f9df4433c841f93121537ba0db9f9b.jpg', 'checksum': 'c1b6cb49acd90cac0d75f9a33327cefa'}]","Klawiatura  przewodowa Corsair K70 LUX (Cherry MX Red, Red LED)",,"599,00 zł","Ocena 6,00",https:/www.x-kom.pl/p/321264-klawiatura-przewodowa-corsair-k70-lux-cherry-mx-red-red-led.html
"Typ: Dla graczy, Mechaniczna, Łączność: Przewodowa, Podświetlenie: Czerwone, Przełączniki: Przełączniki mechaniczne - Cherry MX Brown","https://cdn.x-kom.pl/i/setup/images/prod/big/product-medium,corsair-strafe-cherry-mx-brown-red-led-321221,2017/7/pr_2017_7_18_12_39_38_782.jpg","[{'url': 'https://cdn.x-kom.pl/i/setup/images/prod/big/product-medium,corsair-strafe-cherry-mx-brown-red-led-321221,2017/7/pr_2017_7_18_12_39_38_782.jpg', 'path': 'full/15637b652140eeecdba8c2e5d8b09c4b2ef4bc29.jpg', 'checksum': '405323d06f886cf11b6e647e0f9f2e79'}]","Klawiatura  przewodowa Corsair STRAFE (Cherry MX Brown, Red LED)",,,Ten produkt czeka na Twoją opinię,https:/www.x-kom.pl/p/321221-klawiatura-przewodowa-corsair-strafe-cherry-mx-brown-red-led.html
"Typ: Dla graczy, Mechaniczna, Łączność: Przewodowa, Podświetlenie: Wielokolorowe, Regulowana jasność, Liczba klawiszy: 113","https://cdn.x-kom.pl/i/setup/images/prod/big/product-medium,a4tech-bloody-b318-podswietlana-306234,2017/7/pr_2017_7_19_8_49_9_32.jpg","[{'url': 'https://cdn.x-kom.pl/i/setup/images/prod/big/product-medium,a4tech-bloody-b318-podswietlana-306234,2017/7/pr_2017_7_19_8_49_9_32.jpg', 'path': 'full/1e03457d57738c50d86253f9f941001810ebc7e9.jpg', 'checksum': 'c820ea00da901eaa23f4515c2f92bbbc'}]",Klawiatura  przewodowa A4Tech Bloody B318 Podświetlana,,"149,00 zł","Ocena 4,43",https:/www.x-kom.pl/p/306234-klawiatura-przewodowa-a4tech-bloody-b318-podswietlana.html
"Typ: Dla graczy, Mechaniczna, Łączność: Przewodowa, Podświetlenie: Wielokolorowe, Przełączniki: Przełączniki mechaniczne - ROMER-G","https://cdn.x-kom.pl/i/setup/images/prod/big/product-medium,logitech-g810-orion-spectrum-rgb-285738,2017/7/pr_2017_7_18_13_42_58_67.jpg","[{'url': 'https://cdn.x-kom.pl/i/setup/images/prod/big/product-medium,logitech-g810-orion-spectrum-rgb-285738,2017/7/pr_2017_7_18_13_42_58_67.jpg', 'path': 'full/65dfae9398ca04a6b4ffec4ce49d770174f3e0c6.jpg', 'checksum': '1b00a76330e734e3360c5dcd7975484f'}]",Klawiatura  przewodowa Logitech G810 Orion Spectrum RGB,,"639,00 zł","Ocena 5,71",https:/www.x-kom.pl/p/285738-klawiatura-przewodowa-logitech-g810-orion-spectrum-rgb.html
"Typ: Dla graczy, Multimedialna, Niskoprofilowa, Łączność: Przewodowa, Interfejs: USB, Długość przewodu: 2,0 m","https://cdn.x-kom.pl/i/setup/images/prod/big/product-medium,razer-deathstalker-essential-224673,2018/9/pr_2018_9_3_10_32_50_763_05.jpg","[{'url': 'https://cdn.x-kom.pl/i/setup/images/prod/big/product-medium,razer-deathstalker-essential-224673,2018/9/pr_2018_9_3_10_32_50_763_05.jpg', 'path': 'full/7a2330f93030b32401d7a7d4dd2ba6da7d3313a2.jpg', 'checksum': '3b67b9e393edfedb90d12ffdcb98ddc7'}]",Klawiatura  przewodowa Razer DeathStalker Essential,,"229,00 zł","Ocena 3,78",https:/www.x-kom.pl/p/224673-klawiatura-przewodowa-razer-deathstalker-essential.html
